--Insert cua Tri
-- THE LOAI
INSERT INTO TheLoai (MaTheLoai, TenTheLoai, MoTa) VALUES (N'TL001', N'Tiểu thuyết', N'Tác phẩm văn học dài có nội dung hư cấu');
INSERT INTO TheLoai (MaTheLoai, TenTheLoai, MoTa) VALUES (N'TL002', N'Trinh thám', N'Câu chuyện về điều tra, phá án');
INSERT INTO TheLoai (MaTheLoai, TenTheLoai, MoTa) VALUES (N'TL003', N'Khoa học', N'Sách về các ngành khoa học tự nhiên và xã hội');
INSERT INTO TheLoai (MaTheLoai, TenTheLoai, MoTa) VALUES (N'TL004', N'Lịch sử', N'Tài liệu ghi chép và phân tích các sự kiện trong quá khứ');
INSERT INTO TheLoai (MaTheLoai, TenTheLoai, MoTa) VALUES (N'TL005', N'Văn học Việt Nam', N'Tác phẩm của các tác giả trong nước');
INSERT INTO TheLoai (MaTheLoai, TenTheLoai, MoTa) VALUES (N'TL006', N'Văn học nước ngoài', N'Tác phẩm dịch từ các nền văn học thế giới');
INSERT INTO TheLoai (MaTheLoai, TenTheLoai, MoTa) VALUES (N'TL007', N'Tâm lý học', N'Sách nghiên cứu tâm lý con người');
INSERT INTO TheLoai (MaTheLoai, TenTheLoai, MoTa) VALUES (N'TL008', N'Thiếu nhi', N'Sách dành cho trẻ em');
INSERT INTO TheLoai (MaTheLoai, TenTheLoai, MoTa) VALUES (N'TL009', N'Kinh doanh', N'Sách về kinh tế, khởi nghiệp, quản trị');
INSERT INTO TheLoai (MaTheLoai, TenTheLoai, MoTa) VALUES (N'TL010', N'Kỹ năng sống', N'Hướng dẫn phát triển cá nhân');
INSERT INTO TheLoai (MaTheLoai, TenTheLoai, MoTa) VALUES (N'TL011', N'Tự truyện', N'Câu chuyện về cuộc đời thật của tác giả');
INSERT INTO TheLoai (MaTheLoai, TenTheLoai, MoTa) VALUES (N'TL012', N'Y học', N'Tài liệu về y khoa và chăm sóc sức khỏe');
INSERT INTO TheLoai (MaTheLoai, TenTheLoai, MoTa) VALUES (N'TL013', N'Triết học', N'Tư tưởng, quan niệm về con người và xã hội');
INSERT INTO TheLoai (MaTheLoai, TenTheLoai, MoTa) VALUES (N'TL014', N'Tôn giáo', N'Sách nghiên cứu các tôn giáo khác nhau');
INSERT INTO TheLoai (MaTheLoai, TenTheLoai, MoTa) VALUES (N'TL015', N'Nghệ thuật', N'Tài liệu về âm nhạc, hội họa, điện ảnh...');
INSERT INTO TheLoai (MaTheLoai, TenTheLoai, MoTa) VALUES (N'TL016', N'Du ký', N'Chuyện kể và trải nghiệm từ những chuyến đi');
INSERT INTO TheLoai (MaTheLoai, TenTheLoai, MoTa) VALUES (N'TL017', N'Giáo dục', N'Tài liệu giảng dạy, học tập các cấp');
INSERT INTO TheLoai (MaTheLoai, TenTheLoai, MoTa) VALUES (N'TL018', N'Pháp luật', N'Sách luật, văn bản pháp lý');
INSERT INTO TheLoai (MaTheLoai, TenTheLoai, MoTa) VALUES (N'TL019', N'Thơ', N'Tác phẩm văn học dưới hình thức thơ ca');
INSERT INTO TheLoai (MaTheLoai, TenTheLoai, MoTa) VALUES (N'TL020', N'Truyện ngắn', N'Tác phẩm văn học ngắn gọn, súc tích');
INSERT INTO TheLoai (MaTheLoai, TenTheLoai, MoTa) VALUES (N'TL021', N'Truyện tranh', N'Sách có hình ảnh minh họa sinh động, phù hợp với trẻ em và thanh thiếu niên');
INSERT INTO TheLoai (MaTheLoai, TenTheLoai, MoTa) VALUES (N'TL022', N'Hài hước', N'Sách mang tính giải trí, gây cười và thư giãn');
INSERT INTO TheLoai (MaTheLoai, TenTheLoai, MoTa) VALUES (N'TL023', N'Ngôn tình', N'Tác phẩm xoay quanh chủ đề tình yêu lãng mạn');
INSERT INTO TheLoai (MaTheLoai, TenTheLoai, MoTa) VALUES (N'TL024', N'Kinh dị', N'Câu chuyện rùng rợn, hồi hộp và kịch tính');
INSERT INTO TheLoai (MaTheLoai, TenTheLoai, MoTa) VALUES (N'TL025', N'Phiêu lưu', N'Sách về những hành trình khám phá và trải nghiệm mạo hiểm');
INSERT INTO TheLoai (MaTheLoai, TenTheLoai, MoTa) VALUES (N'TL026', N'Sci-fi (Viễn tưởng)', N'Tác phẩm dựa trên khoa học, công nghệ tương lai hoặc vũ trụ');
INSERT INTO TheLoai (MaTheLoai, TenTheLoai, MoTa) VALUES (N'TL027', N'Truyền cảm hứng', N'Sách khơi gợi động lực, truyền lửa đam mê cho người đọc');
INSERT INTO TheLoai (MaTheLoai, TenTheLoai, MoTa) VALUES (N'TL028', N'Nấu ăn', N'Hướng dẫn cách chế biến các món ăn truyền thống và hiện đại');
INSERT INTO TheLoai (MaTheLoai, TenTheLoai, MoTa) VALUES (N'TL029', N'Du lịch', N'Cẩm nang và kinh nghiệm khám phá các vùng đất mới');
INSERT INTO TheLoai (MaTheLoai, TenTheLoai, MoTa) VALUES (N'TL030', N'Phong thủy', N'Sách hướng dẫn sắp xếp nhà cửa, văn phòng hợp mệnh');
INSERT INTO TheLoai (MaTheLoai, TenTheLoai, MoTa) VALUES (N'TL031', N'Giáo trình đại học', N'Tài liệu học tập chuyên sâu cho sinh viên và giảng viên');
INSERT INTO TheLoai (MaTheLoai, TenTheLoai, MoTa) VALUES (N'TL032', N'Kỹ thuật – Công nghệ', N'Sách chuyên ngành kỹ thuật, công nghệ thông tin, điện tử...');
INSERT INTO TheLoai (MaTheLoai, TenTheLoai, MoTa) VALUES (N'TL033', N'Mỹ thuật – Thiết kế', N'Tài liệu học vẽ, thiết kế đồ họa, kiến trúc...');
INSERT INTO TheLoai (MaTheLoai, TenTheLoai, MoTa) VALUES (N'TL034', N'Đầu tư – Tài chính', N'Sách về thị trường chứng khoán, quản lý tài sản, tài chính cá nhân');
INSERT INTO TheLoai (MaTheLoai, TenTheLoai, MoTa) VALUES (N'TL035', N'Khởi nghiệp', N'Chia sẻ kinh nghiệm xây dựng doanh nghiệp từ con số 0');
INSERT INTO TheLoai (MaTheLoai, TenTheLoai, MoTa) VALUES (N'TL036', N'Thiền – Tịnh tâm', N'Hướng dẫn thực hành chánh niệm, thiền định để giảm căng thẳng');
INSERT INTO TheLoai (MaTheLoai, TenTheLoai, MoTa) VALUES (N'TL037', N'Truyền thuyết – Dân gian', N'Kho tàng truyện cổ tích, thần thoại Việt Nam và thế giới');
INSERT INTO TheLoai (MaTheLoai, TenTheLoai, MoTa) VALUES (N'TL038', N'Truyện ngắn hiện đại', N'Những câu chuyện ngắn, phản ánh xã hội và cuộc sống đương đại');
INSERT INTO TheLoai (MaTheLoai, TenTheLoai, MoTa) VALUES (N'TL039', N'Tự học ngoại ngữ', N'Sách học tiếng Anh, Hàn, Trung, Nhật... dành cho người mới bắt đầu');
INSERT INTO TheLoai (MaTheLoai, TenTheLoai, MoTa) VALUES (N'TL040', N'Khoa học thường thức', N'Sách giải thích hiện tượng khoa học một cách đơn giản, dễ hiểu');
INSERT INTO TheLoai (MaTheLoai, TenTheLoai, MoTa) VALUES (N'TL041', N'Địa lý – Du ký', N'Tác phẩm khám phá các vùng đất, phong tục tập quán');
INSERT INTO TheLoai (MaTheLoai, TenTheLoai, MoTa) VALUES (N'TL042', N'Chính trị – Xã hội', N'Sách về hệ thống chính trị, các vấn đề xã hội và thời sự');
INSERT INTO TheLoai (MaTheLoai, TenTheLoai, MoTa) VALUES (N'TL043', N'Phê bình văn học', N'Sách phân tích, bình luận các tác phẩm văn học');
INSERT INTO TheLoai (MaTheLoai, TenTheLoai, MoTa) VALUES (N'TL044', N'Kỹ năng lãnh đạo', N'Bí quyết quản trị, truyền cảm hứng và dẫn dắt nhóm hiệu quả');
INSERT INTO TheLoai (MaTheLoai, TenTheLoai, MoTa) VALUES (N'TL045', N'Marketing – Quảng cáo', N'Chiến lược tiếp thị, xây dựng thương hiệu và bán hàng');
INSERT INTO TheLoai (MaTheLoai, TenTheLoai, MoTa) VALUES (N'TL046', N'Truyện teen', N'Sách dành cho thanh thiếu niên với nội dung nhẹ nhàng, gần gũi');
INSERT INTO TheLoai (MaTheLoai, TenTheLoai, MoTa) VALUES (N'TL047', N'Văn hóa – Phong tục', N'Sách tìm hiểu truyền thống, tập quán các vùng miền');
INSERT INTO TheLoai (MaTheLoai, TenTheLoai, MoTa) VALUES (N'TL048', N'Tâm linh – Huyền bí', N'Chuyện ma, hiện tượng kỳ lạ, thế giới tâm linh');
INSERT INTO TheLoai (MaTheLoai, TenTheLoai, MoTa) VALUES (N'TL049', N'Bài học cuộc sống', N'Chia sẻ trải nghiệm sống, giá trị đạo đức, nhân văn');
INSERT INTO TheLoai (MaTheLoai, TenTheLoai, MoTa) VALUES (N'TL050', N'Thời trang – Làm đẹp', N'Cẩm nang ăn mặc, chăm sóc bản thân và xu hướng hiện đại');
-- NHA XUAT BAN 
INSERT INTO NhaXuatBan (MaNXB, TenNXB, DiaChi, SDT, Email) VALUES (N'NXB001', N'NXB Kim Đồng', N'8 Đường Trần Hưng Đạo, Phường Bến Nghé, Quận 1, Phú Thọ', N'0928224153', N'contact_1@nxbkimđong.vn');
INSERT INTO NhaXuatBan (MaNXB, TenNXB, DiaChi, SDT, Email) VALUES (N'NXB002', N'NXB Trẻ', N'54 Đường Hoàng Hoa Thám, Phường 6, Quận 3, Bình Định', N'0912751388', N'contact_2@nxbtre.vn');
INSERT INTO NhaXuatBan (MaNXB, TenNXB, DiaChi, SDT, Email) VALUES (N'NXB003', N'NXB Giáo Dục', N'183 Đường Lê Duẩn, Phường 5, Quận 5, Đồng Nai', N'0969071906', N'contact_3@nxbgiaoduc.vn');
INSERT INTO NhaXuatBan (MaNXB, TenNXB, DiaChi, SDT, Email) VALUES (N'NXB004', N'NXB Văn Học', N'151 Đường Lê Duẩn, Phường 1, Quận 3, Đà Nẵng', N'0925719898', N'contact_4@nxbvanhoc.vn');
INSERT INTO NhaXuatBan (MaNXB, TenNXB, DiaChi, SDT, Email) VALUES (N'NXB005', N'NXB Phụ Nữ', N'117 Đường Phạm Văn Đồng, Phường 6, Quận Tân Phú, Hòa Bình', N'0995990393', N'contact_5@nxbphunu.vn');
INSERT INTO NhaXuatBan (MaNXB, TenNXB, DiaChi, SDT, Email) VALUES (N'NXB006', N'NXB Lao Động', N'123 Đường Nguyễn Trãi, Phường 6, Quận 3, Hòa Bình', N'0939630203', N'contact_6@nxblaođong.vn');
INSERT INTO NhaXuatBan (MaNXB, TenNXB, DiaChi, SDT, Email) VALUES (N'NXB007', N'NXB Thanh Niên', N'2 Đường Nguyễn Văn Cừ, Phường Tân Định, Quận 7, Hưng Yên', N'0926957245', N'contact_7@nxbthanhnien.vn');
INSERT INTO NhaXuatBan (MaNXB, TenNXB, DiaChi, SDT, Email) VALUES (N'NXB008', N'NXB Tổng Hợp', N'78 Đường Hoàng Hoa Thám, Phường 5, Quận 7, Thanh Hóa', N'0935613432', N'contact_8@nxbtonghop.vn');
INSERT INTO NhaXuatBan (MaNXB, TenNXB, DiaChi, SDT, Email) VALUES (N'NXB009', N'NXB Văn Hóa', N'85 Đường Lý Thường Kiệt, Phường 1, Quận Thủ Đức, Đồng Nai', N'0919300432', N'contact_9@nxbvanhoa.vn');
INSERT INTO NhaXuatBan (MaNXB, TenNXB, DiaChi, SDT, Email) VALUES (N'NXB010', N'NXB Tư Pháp', N'119 Đường Cách Mạng Tháng 8, Phường 6, Quận Thủ Đức, Quảng Trị', N'0927734659', N'contact_10@nxbtuphap.vn');
INSERT INTO NhaXuatBan (MaNXB, TenNXB, DiaChi, SDT, Email) VALUES (N'NXB011', N'NXB Y Học', N'94 Đường Trần Hưng Đạo, Phường 3, Quận 7, An Giang', N'0986384345', N'contact_11@nxbyhoc.vn');
INSERT INTO NhaXuatBan (MaNXB, TenNXB, DiaChi, SDT, Email) VALUES (N'NXB012', N'NXB Kỹ Thuật', N'56 Đường Lý Thường Kiệt, Phường Tân Định, Quận Thủ Đức, Gia Lai', N'0924909700', N'contact_12@nxbkythuat.vn');
INSERT INTO NhaXuatBan (MaNXB, TenNXB, DiaChi, SDT, Email) VALUES (N'NXB013', N'NXB Chính Trị', N'164 Đường Hoàng Hoa Thám, Phường 3, Quận 5, Hưng Yên', N'0908230699', N'contact_13@nxbchinhtri.vn');
INSERT INTO NhaXuatBan (MaNXB, TenNXB, DiaChi, SDT, Email) VALUES (N'NXB014', N'NXB ĐHQG HCM', N'52 Đường Phạm Văn Đồng, Phường 6, Quận 7, Hưng Yên', N'0945161572', N'contact_14@nxbđhqghcm.vn');
INSERT INTO NhaXuatBan (MaNXB, TenNXB, DiaChi, SDT, Email) VALUES (N'NXB015', N'NXB ĐHQG Hà Nội', N'177 Đường Hoàng Hoa Thám, Phường 2, Quận Gò Vấp, Sóc Trăng', N'0984052042', N'contact_15@nxbđhqghanoi.vn');
INSERT INTO NhaXuatBan (MaNXB, TenNXB, DiaChi, SDT, Email) VALUES (N'NXB016', N'NXB Sự Thật', N'192 Đường Điện Biên Phủ, Phường 2, Quận Bình Thạnh, Phú Thọ', N'0959372919', N'contact_16@nxbsuthat.vn');
INSERT INTO NhaXuatBan (MaNXB, TenNXB, DiaChi, SDT, Email) VALUES (N'NXB017', N'NXB Hồng Đức', N'13 Đường Điện Biên Phủ, Phường 6, Quận 3, Bình Dương', N'0930732738', N'contact_17@nxbhongđuc.vn');
INSERT INTO NhaXuatBan (MaNXB, TenNXB, DiaChi, SDT, Email) VALUES (N'NXB018', N'NXB Đại học Mở', N'5 Đường Trường Chinh, Phường 4, Quận 1, Quảng Trị', N'0945507415', N'contact_18@nxbđaihocmo.vn');
INSERT INTO NhaXuatBan (MaNXB, TenNXB, DiaChi, SDT, Email) VALUES (N'NXB019', N'NXB Quốc Gia', N'74 Đường Trường Chinh, Phường Bến Nghé, Quận Tân Phú, Khánh Hòa', N'0945694058', N'contact_19@nxbquocgia.vn');
INSERT INTO NhaXuatBan (MaNXB, TenNXB, DiaChi, SDT, Email) VALUES (N'NXB020', N'NXB Thế Giới', N'31 Đường Trần Hưng Đạo, Phường Tân Định, Quận 5, Tuyên Quang', N'0948706464', N'contact_20@nxbthegioi.vn');
INSERT INTO NhaXuatBan (MaNXB, TenNXB, DiaChi, SDT, Email) VALUES (N'NXB021', N'NXB Công An', N'28 Đường Trần Hưng Đạo, Phường 6, Quận Tân Phú, Bình Định', N'0970704507', N'contact_21@nxbcongan.vn');
INSERT INTO NhaXuatBan (MaNXB, TenNXB, DiaChi, SDT, Email) VALUES (N'NXB022', N'NXB Tài Chính', N'70 Đường Điện Biên Phủ, Phường 5, Quận Gò Vấp, Hòa Bình', N'0936753826', N'contact_22@nxbtaichinh.vn');
INSERT INTO NhaXuatBan (MaNXB, TenNXB, DiaChi, SDT, Email) VALUES (N'NXB023', N'NXB Bách Khoa', N'140 Đường Nguyễn Văn Cừ, Phường 6, Quận Tân Phú, Quảng Ninh', N'0965195103', N'contact_23@nxbbachkhoa.vn');
INSERT INTO NhaXuatBan (MaNXB, TenNXB, DiaChi, SDT, Email) VALUES (N'NXB024', N'NXB Thông Tin', N'133 Đường Lý Thường Kiệt, Phường 3, Quận 5, Gia Lai', N'0949916296', N'contact_24@nxbthongtin.vn');
INSERT INTO NhaXuatBan (MaNXB, TenNXB, DiaChi, SDT, Email) VALUES (N'NXB025', N'NXB Quân Đội', N'198 Đường Điện Biên Phủ, Phường Bến Nghé, Quận 1, Khánh Hòa', N'0930348244', N'contact_25@nxbquanđoi.vn');
-- NHA CUNG CAP 
INSERT INTO NhaCungCap (MaNCC, TenNCC, DiaChi, SDT, Email) VALUES (N'NCC001', N'Công ty TNHH Sách Phương Nam', N'123 Lê Lợi, Quận 1, TP. Hồ Chí Minh', N'0901234567', N'phuongnam@sachvn.com');
INSERT INTO NhaCungCap (MaNCC, TenNCC, DiaChi, SDT, Email) VALUES (N'NCC002', N'NXB Kim Đồng', N'55 Quang Trung, Quận Hai Bà Trưng, Hà Nội', N'0912345678', N'kimdong@nxbvn.com');
INSERT INTO NhaCungCap (MaNCC, TenNCC, DiaChi, SDT, Email) VALUES (N'NCC003', N'Công ty CP Sách Thái Hà', N'12 Nguyễn Văn Cừ, Quận Long Biên, Hà Nội', N'0987654321', N'thaiha@sachvn.com');
INSERT INTO NhaCungCap (MaNCC, TenNCC, DiaChi, SDT, Email) VALUES (N'NCC004', N'NXB Trẻ', N'161 Lý Chính Thắng, Quận 3, TP. Hồ Chí Minh', N'0933456789', N'tre@nxbvn.com');
INSERT INTO NhaCungCap (MaNCC, TenNCC, DiaChi, SDT, Email) VALUES (N'NCC005', N'Công ty Sách Nhã Nam', N'59 Đỗ Quang, Quận Cầu Giấy, Hà Nội', N'0908765432', N'nhanam@sachvn.com');
INSERT INTO NhaCungCap (MaNCC, TenNCC, DiaChi, SDT, Email) VALUES (N'NCC006', N'NXB Văn Học', N'18 Nguyễn Du, Quận Hai Bà Trưng, Hà Nội', N'0919876543', N'vanhoc@nxbvn.com');
INSERT INTO NhaCungCap (MaNCC, TenNCC, DiaChi, SDT, Email) VALUES (N'NCC007', N'Công ty TNHH Sách Alpha', N'25 Trần Phú, Quận Hải Châu, Đà Nẵng', N'0931234567', N'alpha@sachvn.com');
INSERT INTO NhaCungCap (MaNCC, TenNCC, DiaChi, SDT, Email) VALUES (N'NCC008', N'NXB Giáo Dục', N'81 Trần Hưng Đạo, Quận Hoàn Kiếm, Hà Nội', N'0902345678', N'giaoduc@nxbvn.com');
INSERT INTO NhaCungCap (MaNCC, TenNCC, DiaChi, SDT, Email) VALUES (N'NCC009', N'Công ty Sách Đông A', N'33 Hàng Bông, Quận Hoàn Kiếm, Hà Nội', N'0918765432', N'donga@sachvn.com');
INSERT INTO NhaCungCap (MaNCC, TenNCC, DiaChi, SDT, Email) VALUES (N'NCC010', N'NXB Hội Nhà Văn', N'65 Nguyễn Du, Quận Hai Bà Trưng, Hà Nội', N'0934567890', N'hoinhavan@nxbvn.com');
INSERT INTO NhaCungCap (MaNCC, TenNCC, DiaChi, SDT, Email) VALUES (N'NCC011', N'Công ty TNHH Sách Minh Thắng', N'45 Nguyễn Huệ, TP. Huế, Thừa Thiên Huế', N'0903456789', N'minhthang@sachvn.com');
INSERT INTO NhaCungCap (MaNCC, TenNCC, DiaChi, SDT, Email) VALUES (N'NCC012', N'NXB Tổng Hợp TP. HCM', N'62 Nguyễn Thị Minh Khai, Quận 3, TP. Hồ Chí Minh', N'0912346789', N'tonghop@nxbvn.com');
INSERT INTO NhaCungCap (MaNCC, TenNCC, DiaChi, SDT, Email) VALUES (N'NCC013', N'Công ty Sách Tri Việt', N'78 Pasteur, Quận 1, TP. Hồ Chí Minh', N'0935678901', N'triviet@sachvn.com');
INSERT INTO NhaCungCap (MaNCC, TenNCC, DiaChi, SDT, Email) VALUES (N'NCC014', N'NXB Phụ Nữ', N'39 Hàng Chuối, Quận Hai Bà Trưng, Hà Nội', N'0909876543', N'phunu@nxbvn.com');
INSERT INTO NhaCungCap (MaNCC, TenNCC, DiaChi, SDT, Email) VALUES (N'NCC015', N'Công ty TNHH Sách Hồng Đức', N'15 Lê Đại Hành, Quận Hai Bà Trưng, Hà Nội', N'0913456789', N'hongduc@sachvn.com');
INSERT INTO NhaCungCap (MaNCC, TenNCC, DiaChi, SDT, Email) VALUES (N'NCC016', N'NXB Khoa Học và Kỹ Thuật', N'70 Trần Hưng Đạo, Quận Hoàn Kiếm, Hà Nội', N'0938765432', N'khcn@nxbvn.com');
INSERT INTO NhaCungCap (MaNCC, TenNCC, DiaChi, SDT, Email) VALUES (N'NCC017', N'Công ty Sách Minh Tâm', N'22 Nguyễn Văn Cừ, TP. Vinh, Nghệ An', N'0904567890', N'minhtam@sachvn.com');
INSERT INTO NhaCungCap (MaNCC, TenNCC, DiaChi, SDT, Email) VALUES (N'NCC018', N'NXB Thanh Niên', N'64 Bà Triệu, Quận Hoàn Kiếm, Hà Nội', N'0915678901', N'thanhnien@nxbvn.com');
INSERT INTO NhaCungCap (MaNCC, TenNCC, DiaChi, SDT, Email) VALUES (N'NCC019', N'Công ty TNHH Sách Đại Việt', N'88 Lê Lợi, TP. Đà Nẵng', N'0932345678', N'daiviet@sachvn.com');
INSERT INTO NhaCungCap (MaNCC, TenNCC, DiaChi, SDT, Email) VALUES (N'NCC020', N'NXB Văn Hóa - Văn Nghệ', N'88 Nguyễn Thái Học, Quận 1, TP. Hồ Chí Minh', N'0906789123', N'vanhoa@nxbvn.com');
INSERT INTO NhaCungCap (MaNCC, TenNCC, DiaChi, SDT, Email) VALUES (N'NCC021', N'Công ty Sách Phúc Minh', N'45 Hùng Vương, TP. Nha Trang, Khánh Hòa', N'0917890123', N'phucminh@sachvn.com');
INSERT INTO NhaCungCap (MaNCC, TenNCC, DiaChi, SDT, Email) VALUES (N'NCC022', N'NXB Chính Trị Quốc Gia', N'24 Quang Trung, Quận Hoàn Kiếm, Hà Nội', N'0934561234', N'chinhtri@nxbvn.com');
INSERT INTO NhaCungCap (MaNCC, TenNCC, DiaChi, SDT, Email) VALUES (N'NCC023', N'Công ty TNHH Sách Tân Việt', N'56 Nguyễn Trãi, Quận Thanh Xuân, Hà Nội', N'0901237890', N'tanviet@sachvn.com');
INSERT INTO NhaCungCap (MaNCC, TenNCC, DiaChi, SDT, Email) VALUES (N'NCC024', N'NXB Lao Động', N'175 Giảng Võ, Quận Đống Đa, Hà Nội', N'0912347890', N'laodong@nxbvn.com');
INSERT INTO NhaCungCap (MaNCC, TenNCC, DiaChi, SDT, Email) VALUES (N'NCC025', N'Công ty Sách Minh Long', N'23 Lê Duẩn, TP. Huế, Thừa Thiên Huế', N'0935671234', N'minhlong@sachvn.com');
INSERT INTO NhaCungCap (MaNCC, TenNCC, DiaChi, SDT, Email) VALUES (N'NCC026', N'NXB Y Học', N'352 Đội Cấn, Quận Ba Đình, Hà Nội', N'0906781234', N'yhoc@nxbvn.com');
INSERT INTO NhaCungCap (MaNCC, TenNCC, DiaChi, SDT, Email) VALUES (N'NCC027', N'Công ty TNHH Sách Văn Lang', N'68 Nguyễn Huệ, Quận 1, TP. Hồ Chí Minh', N'0917891234', N'vanlang@sachvn.com');
INSERT INTO NhaCungCap (MaNCC, TenNCC, DiaChi, SDT, Email) VALUES (N'NCC028', N'NXB Thông Tin và Truyền Thông', N'115 Trần Phú, Quận 5, TP. Hồ Chí Minh', N'0931237890', N'thonttin@nxbvn.com');
INSERT INTO NhaCungCap (MaNCC, TenNCC, DiaChi, SDT, Email) VALUES (N'NCC029', N'Công ty Sách Thiên Long', N'45 Trần Hưng Đạo, TP. Cần Thơ', N'0902347890', N'thienlong@sachvn.com');
INSERT INTO NhaCungCap (MaNCC, TenNCC, DiaChi, SDT, Email) VALUES (N'NCC030', N'NXB Giao Thông Vận Tải', N'80 Trần Hưng Đạo, Quận Hoàn Kiếm, Hà Nội', N'0913457890', N'giaothong@nxbvn.com');
INSERT INTO NhaCungCap (MaNCC, TenNCC, DiaChi, SDT, Email) VALUES (N'NCC031', N'Công ty TNHH Sách Nam Việt', N'33 Lý Tự Trọng, TP. Đà Lạt, Lâm Đồng', N'0936781234', N'namviet@sachvn.com');
INSERT INTO NhaCungCap (MaNCC, TenNCC, DiaChi, SDT, Email) VALUES (N'NCC032', N'NXB Tư Pháp', N'35 Trần Quốc Toản, Quận Hoàn Kiếm, Hà Nội', N'0901236789', N'tuphap@nxbvn.com');
INSERT INTO NhaCungCap (MaNCC, TenNCC, DiaChi, SDT, Email) VALUES (N'NCC033', N'Công ty Sách Hương Việt', N'56 Hùng Vương, TP. Quy Nhơn, Bình Định', N'0916781234', N'huongviet@sachvn.com');
INSERT INTO NhaCungCap (MaNCC, TenNCC, DiaChi, SDT, Email) VALUES (N'NCC034', N'NXB Thế Giới', N'46 Trần Hưng Đạo, Quận Hoàn Kiếm, Hà Nội', N'0931234567', N'thegioi@nxbvn.com');
INSERT INTO NhaCungCap (MaNCC, TenNCC, DiaChi, SDT, Email) VALUES (N'NCC035', N'Công ty TNHH Sách Đại Nam', N'78 Lê Lợi, TP. Vũng Tàu, Bà Rịa - Vũng Tàu', N'0903451234', N'dainam@sachvn.com');
INSERT INTO NhaCungCap (MaNCC, TenNCC, DiaChi, SDT, Email) VALUES (N'NCC036', N'NXB Văn Hóa Dân Tộc', N'25 Nguyễn Thị Minh Khai, Quận 1, TP. Hồ Chí Minh', N'0912341234', N'vanhoadantoc@nxbvn.com');
INSERT INTO NhaCungCap (MaNCC, TenNCC, DiaChi, SDT, Email) VALUES (N'NCC037', N'Công ty Sách Minh Đức', N'45 Nguyễn Văn Cừ, TP. Hải Phòng', N'0934567891', N'minhduc@sachvn.com');
INSERT INTO NhaCungCap (MaNCC, TenNCC, DiaChi, SDT, Email) VALUES (N'NCC038', N'NXB Nông Nghiệp', N'167 Nguyễn Công Trứ, Quận Hai Bà Trưng, Hà Nội', N'0906783456', N'nongnghiep@nxbvn.com');
INSERT INTO NhaCungCap (MaNCC, TenNCC, DiaChi, SDT, Email) VALUES (N'NCC039', N'Công ty TNHH Sách Hồng Hà', N'33 Trần Phú, TP. Vinh, Nghệ An', N'0912343456', N'hongha@sachvn.com');
INSERT INTO NhaCungCap (MaNCC, TenNCC, DiaChi, SDT, Email) VALUES (N'NCC040', N'NXB Công An Nhân Dân', N'92 Nguyễn Du, Quận Hai Bà Trưng, Hà Nội', N'0931236789', N'congan@nxbvn.com');
INSERT INTO NhaCungCap (MaNCC, TenNCC, DiaChi, SDT, Email) VALUES (N'NCC041', N'Công ty Sách Việt Hà', N'56 Lê Đại Hành, TP. Huế, Thừa Thiên Huế', N'0903456781', N'vietha@sachvn.com');
INSERT INTO NhaCungCap (MaNCC, TenNCC, DiaChi, SDT, Email) VALUES (N'NCC042', N'NXB Quân Đội Nhân Dân', N'162 Nguyễn Văn Cừ, Quận Long Biên, Hà Nội', N'0916782345', N'quandoi@nxbvn.com');
INSERT INTO NhaCungCap (MaNCC, TenNCC, DiaChi, SDT, Email) VALUES (N'NCC043', N'Công ty TNHH Sách Phượng Hoàng', N'78 Hùng Vương, TP. Cần Thơ', N'0934561237', N'phuonghoang@sachvn.com');
INSERT INTO NhaCungCap (MaNCC, TenNCC, DiaChi, SDT, Email) VALUES (N'NCC044', N'NXB Hà Nội', N'4 Tiểu La, Quận Hoàn Kiếm, Hà Nội', N'0901234568', N'hanoi@nxbvn.com');
INSERT INTO NhaCungCap (MaNCC, TenNCC, DiaChi, SDT, Email) VALUES (N'NCC045', N'Công ty Sách Vạn Xuân', N'45 Nguyễn Huệ, TP. Đà Nẵng', N'0912345670', N'vanxuan@sachvn.com');
INSERT INTO NhaCungCap (MaNCC, TenNCC, DiaChi, SDT, Email) VALUES (N'NCC046', N'NXB Thống Kê', N'54 Nguyễn Chí Thanh, Quận Đống Đa, Hà Nội', N'0936782345', N'thongke@nxbvn.com');
INSERT INTO NhaCungCap (MaNCC, TenNCC, DiaChi, SDT, Email) VALUES (N'NCC047', N'Công ty TNHH Sách Ánh Sáng', N'33 Lê Lợi, TP. Quy Nhơn, Bình Định', N'0903451237', N'anhsang@sachvn.com');
INSERT INTO NhaCungCap (MaNCC, TenNCC, DiaChi, SDT, Email) VALUES (N'NCC048', N'NXB Văn Hóa Thông Tin', N'71 Nguyễn Thị Minh Khai, Quận 1, TP. Hồ Chí Minh', N'0916783456', N'vanhoathongtin@nxbvn.com');
INSERT INTO NhaCungCap (MaNCC, TenNCC, DiaChi, SDT, Email) VALUES (N'NCC049', N'Công ty Sách Minh Khai', N'115 Nguyễn Văn Cừ, TP. Hải Phòng', N'0931234568', N'minhkhai@sachvn.com');
INSERT INTO NhaCungCap (MaNCC, TenNCC, DiaChi, SDT, Email) VALUES (N'NCC050', N'NXB Tri Thức', N'53 Nguyễn Du, Quận Hai Bà Trưng, Hà Nội', N'0902346789', N'trithuc@nxbvn.com');
-- TAC GIA
INSERT INTO TacGia (MaTacGia, HoTen, TieuSu, NamSinh, QueQuan) VALUES
('TG001', N'Nguyễn Nhật Ánh', N'Nhà văn nổi tiếng với truyện thiếu nhi, quê ở Quảng Nam.', 1955, N'Quảng Nam'),
('TG002', N'Ngô Tất Tố', N'Nhà văn hiện thực phê phán, tác giả “Tắt đèn”.', 1894, N'Hà Nội'),
('TG003', N'Nam Cao', N'Nhà văn, tác giả “Chí Phèo”, “Lão Hạc”.', 1915, N'Hà Nam'),
('TG004', N'Xuân Quỳnh', N'Nhà thơ nữ nổi tiếng, tác giả “Sóng”.', 1942, N'Hà Nội'),
('TG005', N'Tô Hoài', N'Tác giả “Dế Mèn phiêu lưu ký”.', 1920, N'Hà Nội'),
('TG006', N'Nguyễn Huy Thiệp', N'Nhà văn hiện đại với nhiều truyện ngắn nổi bật.', 1950, N'Thanh Hóa'),
('TG007', N'Nguyễn Minh Châu', N'Nhà văn, tác giả “Chiếc thuyền ngoài xa”.', 1930, N'Nghệ An'),
('TG008', N'Vũ Trọng Phụng', N'Nhà văn, nhà báo, tác giả “Số đỏ”.', 1912, N'Hà Nội'),
('TG009', N'Phạm Tiến Duật', N'Nhà thơ nổi bật trong thời chiến.', 1941, N'Phú Thọ'),
('TG010', N'Hoàng Phủ Ngọc Tường', N'Nhà văn, tác giả “Ai đã đặt tên cho dòng sông”.', 1937, N'Thừa Thiên Huế'),
('TG011', N'Nguyễn Quang Sáng', N'Nhà văn nổi tiếng Nam Bộ.', 1932, N'An Giang'),
('TG012', N'Lê Minh Khuê', N'Nhà văn nữ chuyên truyện ngắn.', 1949, N'Thanh Hóa'),
('TG013', N'Nguyễn Duy', N'Nhà thơ nổi bật với “Tre Việt Nam”.', 1948, N'Thanh Hóa'),
('TG014', N'Phan Hồn Nhiên', N'Nhà văn, nhà thơ trẻ.', 1972, N'Hà Nội'),
('TG015', N'Thanh Tịnh', N'Tác giả “Tôi đi học”.', 1911, N'Thừa Thiên Huế'),
('TG016', N'Hoàng Cầm', N'Nhà thơ nổi tiếng.', 1922, N'Bắc Ninh'),
('TG017', N'Vũ Tú Nam', N'Nhà văn, tác giả nhiều truyện ngắn.', 1929, N'Hà Nội'),
('TG018', N'Thúy Toàn', N'Nhà văn thiếu nhi.', 1950, N'Hà Nội'),
('TG019', N'Nguyễn Khải', N'Nhà văn, tác giả “Mùa lạc”.', 1930, N'Hà Nội'),
('TG020', N'Trần Đăng Khoa', N'Nhà thơ thần đồng.', 1958, N'Hải Dương'),
('TG021', N'Nguyễn Ngọc Tư', N'Nhà văn, tác giả “Cánh đồng bất tận”.', 1976, N'Cà Mau'),
('TG022', N'Phan Việt', N'Nhà văn trẻ nổi bật.', 1978, N'Hà Nội'),
('TG023', N'Võ Quảng', N'Nhà văn thiếu nhi.', 1920, N'Quảng Nam'),
('TG024', N'Nguyễn Đình Thi', N'Nhà thơ, nhà soạn nhạc.', 1924, N'Hà Nội'),
('TG025', N'Bùi Hiển', N'Nhà văn hiện đại.', 1919, N'Nam Định'),
('TG026', N'Hoài Thanh', N'Nhà phê bình văn học.', 1909, N'Nghệ An'),
('TG027', N'Phạm Hổ', N'Nhà thơ thiếu nhi.', 1926, N'Bình Định'),
('TG028', N'Nguyễn Hữu Mai', N'Nhà văn chuyên truyện ngắn.', 1933, N'Nghệ An'),
('TG029', N'Hồ Dzếnh', N'Nhà thơ nổi tiếng.', 1916, N'Thanh Hóa'),
('TG030', N'Đoàn Giỏi', N'Nhà văn Nam Bộ.', 1925, N'Tiền Giang'),
('TG031', N'Nguyễn Khắc Trường', N'Nhà văn nổi bật.', 1946, N'Nam Định'),
('TG032', N'Phan Thị Vàng Anh', N'Nhà thơ, nhà văn trẻ.', 1968, N'Hà Nội'),
('TG033', N'Hữu Thỉnh', N'Nhà thơ, chủ tịch hội nhà văn.', 1942, N'Vĩnh Phúc'),
('TG034', N'Phạm Văn Ký', N'Nhà văn.', 1910, N'Nghệ An'),
('TG035', N'Nguyễn Trí Huân', N'Nhà văn quân đội.', 1946, N'Hà Tây'),
('TG036', N'Nguyễn Quang Thiều', N'Nhà thơ, nhà văn.', 1957, N'Hà Tây'),
('TG037', N'Tạ Duy Anh', N'Nhà văn.', 1959, N'Hà Nội'),
('TG038', N'Lê Lựu', N'Nhà văn.', 1942, N'Hưng Yên'),
('TG039', N'Nguyễn Nhật Châu', N'Nhà văn thiếu nhi.', 1963, N'Hà Nội'),
('TG040', N'Nguyễn Bình Phương', N'Nhà văn, nhà thơ.', 1965, N'Hà Nội'),
('TG041', N'Nguyễn Thị Thu Huệ', N'Nhà văn.', 1966, N'Hà Nội'),
('TG042', N'Nguyễn Quang Lập', N'Nhà văn, biên kịch.', 1956, N'Quảng Bình'),
('TG043', N'Nguyễn Đông Thức', N'Nhà văn.', 1953, N'TP.HCM'),
('TG044', N'Nguyễn Xuân Khánh', N'Nhà văn.', 1933, N'Hà Nội'),
('TG045', N'Nguyễn Thế Quang', N'Nhà văn.', 1949, N'Bắc Ninh'),
('TG046', N'Nguyễn Thanh Tú', N'Nhà văn.', 1970, N'Hà Nội'),
('TG047', N'Nguyễn Hữu Tài', N'Nhà thơ.', 1947, N'Thái Bình'),
('TG048', N'Vũ Hùng', N'Nhà văn.', 1931, N'Hà Nội'),
('TG049', N'Tạ Quang Phát', N'Nhà thơ.', 1940, N'Hà Nam'),
('TG050', N'Vũ Bình Lục', N'Nhà văn.', 1952, N'Hà Nội'),
('TG051', N'Lê Văn Quang', N'Tác giả truyện ngắn về cuộc sống nông thôn.', 1955, N'Yên Bái'),
('TG052', N'Nguyễn Thị Lan', N'Nhà thơ với các tác phẩm về tình yêu quê hương.', 1964, N'Thái Nguyên'),
('TG053', N'Trần Thị Thảo', N'Tác giả trẻ viết về cuộc sống hiện đại.', 1990, N'Điện Biên'),
('TG054', N'Phạm Văn Tùng', N'Nhà văn chuyên viết về văn hóa miền núi phía Bắc.', 1963, N'Cao Bằng'),
('TG055', N'Nguyễn Văn Đông', N'Tác giả tiểu thuyết về chiến tranh cách mạng.', 1978, N'Quảng Nam'),
('TG056', N'Trần Văn Hào', N'Nhà văn nổi tiếng với các tác phẩm về lịch sử.', 1944, N'Bắc Kạn'),
('TG057', N'Lê Thị Hồng', N'Tác giả thơ ca với phong cách trữ tình.', 1957, N'Lạng Sơn'),
('TG058', N'Nguyễn Thị Nhung', N'Nhà văn trẻ viết về phụ nữ hiện đại.', 1979, N'Hậu Giang'),
('TG059', N'Phạm Văn Long', N'Tác giả tiểu thuyết về văn hóa đồng bằng sông Cửu Long.', 1940, N'Sóc Trăng'),
('TG060', N'Trần Minh Tuấn', N'Tác giả trẻ viết về khởi nghiệp và đổi mới.', 1995, N'Bình Định'),
('TG061', N'Nguyễn Văn Hùng', N'Nhà văn chuyên viết về văn hóa biển đảo.', 1987, N'Phú Quốc'),
('TG062', N'Lê Minh Thành', N'Tác giả tiểu thuyết tâm lý xã hội.', 1972, N'Kon Tum'),
('TG063', N'Trần Thị Mai', N'Nhà thơ nổi tiếng với các tác phẩm về phụ nữ.', 1958, N'Hà Tĩnh'),
('TG064', N'Phạm Văn Quang', N'Nhà văn viết về lịch sử thời Lê.', 1942, N'Ninh Thuận'),
('TG065', N'Nguyễn Thị Hiền', N'Tác giả truyện ngắn về cuộc sống nông thôn.', 1941, N'Trà Vinh'),
('TG066', N'Trần Văn Sơn', N'Nhà văn chuyên viết về văn hóa miền Trung.', 1958, N'Quảng Ngãi'),
('TG067', N'Lê Thị Thúy', N'Tác giả thơ ca với phong cách hiện đại.', 1968, N'Đắk Nông'),
('TG068', N'Nguyễn Thị Vân', N'Nhà văn trẻ viết về tình yêu và tuổi trẻ.', 1967, N'TP. Hồ Chí Minh'),
('TG069', N'Trần Thị Ngọc Ánh', N'Tác giả tiểu thuyết về phụ nữ trong xã hội hiện đại.', 1983, N'Hà Nội'),
('TG070', N'Phạm Minh Tuấn', N'Nhà văn trẻ viết về khởi nghiệp và đổi mới.', 1992, N'Bình Dương'),
('TG071', N'Nguyễn Văn Hoàng', N'Tác giả truyện ngắn về văn hóa miền núi.', 1993, N'Lào Cai'),
('TG072', N'Lê Văn Tâm', N'Nhà văn chuyên viết về chiến tranh cách mạng.', 1974, N'Quảng Trị'),
('TG073', N'Trần Thị Hoa', N'Tác giả thơ ca với phong cách truyền thống.', 1954, N'Thái Bình'),
('TG074', N'Nguyễn Thị Thắm', N'Nhà văn viết về phụ nữ và bình đẳng giới.', 1957, N'Bắc Ninh'),
('TG075', N'Phạm Văn Hùng', N'Tác giả tiểu thuyết lịch sử về thời Nguyễn.', 1945, N'Bình Định'),
('TG076', N'Trần Thị Minh', N'Tác giả trẻ viết về cuộc sống đô thị.', 1980, N'Đà Nẵng'),
('TG077', N'Lê Thị Hồng', N'Nhà thơ nổi tiếng với các tác phẩm về quê hương.', 1965, N'Hải Phòng'),
('TG078', N'Nguyễn Văn Quang', N'Nhà văn chuyên viết về văn hóa đồng bằng Bắc Bộ.', 1951, N'Hà Nam'),
('TG079', N'Trần Minh Đức', N'Tác giả trẻ viết về văn hóa đô thị.', 1989, N'TP. Hồ Chí Minh'),
('TG080', N'Phạm Văn Thành', N'Nhà văn viết về biển đảo quê hương.', 1962, N'Quảng Ngãi'),
('TG081', N'Nguyễn Văn Long', N'Tác giả tiểu thuyết về chiến tranh cách mạng.', 1944, N'Quảng Bình'),
('TG082', N'Lê Minh Tuấn', N'Nhà văn trẻ viết về khởi nghiệp và đổi mới.', 1988, N'Bình Dương'),
('TG083', N'Trần Văn Hùng', N'Tác giả truyện ngắn về văn hóa miền núi.', 1957, N'Sơn La'),
('TG084', N'Nguyễn Thị Hương', N'Nhà thơ với các tác phẩm về thiên nhiên và con người.', 1948, N'Hòa Bình'),
('TG085', N'Phạm Văn Quang', N'Nhà văn chuyên viết về văn hóa miền Trung.', 1957, N'Quảng Nam'),
('TG086', N'Trần Thị Lan', N'Tác giả truyện ngắn về cuộc sống nông thôn.', 1969, N'Tiền Giang'),
('TG087', N'Nguyễn Thị Mai', N'Nhà thơ trẻ với các tác phẩm về tình yêu.', 1980, N'Bình Phước'),
('TG088', N'Lê Văn Thành', N'Nhà văn chuyên viết về văn hóa miền Tây.', 1959, N'Đồng Tháp'),
('TG089', N'Trần Thị Ngọc', N'Tác giả tiểu thuyết về phụ nữ trong xã hội hiện đại.', 1940, N'Bạc Liêu'),
('TG090', N'Nguyễn Thị Hiền', N'Nhà thơ với các tác phẩm về quê hương.', 1964, N'Thái Nguyên'),
('TG091', N'Phạm Thị Thu', N'Tác giả trẻ viết về tình yêu và tuổi trẻ.', 1985, N'Đà Nẵng'),
('TG092', N'Trần Văn Quang', N'Nhà văn viết về lịch sử thời Nguyễn.', 1945, N'Bình Định'),
('TG093', N'Lê Thị Minh', N'Tác giả trẻ viết về cuộc sống đô thị.', 1987, N'TP. Hồ Chí Minh'),
('TG094', N'Nguyễn Văn Hùng', N'Nhà văn chuyên viết về văn hóa miền núi.', 1949, N'Lào Cai'),
('TG095', N'Trần Minh Tuấn', N'Tác giả trẻ viết về khởi nghiệp và đổi mới.', 1994, N'Bình Dương'),
('TG096', N'Phạm Thị Hồng', N'Nhà thơ nổi tiếng với các tác phẩm về quê hương.', 1970, N'Hải Phòng'),
('TG097', N'Nguyễn Thị Lan', N'Tác giả truyện ngắn về phụ nữ và bình đẳng giới.', 1961, N'Hà Tĩnh'),
('TG098', N'Trần Thị Thủy', N'Nhà văn viết về văn hóa đồng bằng sông Cửu Long.', 1962, N'Cần Thơ'),
('TG099', N'Lê Thị Ngọc', N'Tác giả trẻ viết về tình yêu và tuổi trẻ.', 1988, N'Đà Nẵng'),
('TG100', N'Nguyễn Văn Long', N'Nhà văn chuyên viết về văn hóa biển đảo.', 1978, N'Quảng Ngãi');
-- KHACH HANG
INSERT INTO KhachHang (MaKH, HoTen, DiaChi, SDT, Email) VALUES (N'KH001', N'Phạm Thái Bình', N'161 Đường Phạm Văn Đồng, Phường 3, Quận Tân Phú, Quảng Nam', N'0972279071', N'khach1@gmail.com');
INSERT INTO KhachHang (MaKH, HoTen, DiaChi, SDT, Email) VALUES (N'KH002', N'Võ Ngọc Phát', N'27 Đường Hoàng Hoa Thám, Phường 2, Quận 5, Đồng Nai', N'0953313014', N'khach2@gmail.com');
INSERT INTO KhachHang (MaKH, HoTen, DiaChi, SDT, Email) VALUES (N'KH003', N'Phạm Thanh Bình', N'113 Đường Lý Thường Kiệt, Phường 6, Quận 1, Đồng Nai', N'0914467777', N'khach3@gmail.com');
INSERT INTO KhachHang (MaKH, HoTen, DiaChi, SDT, Email) VALUES (N'KH004', N'Trần Văn Quang', N'119 Đường Điện Biên Phủ, Phường Tân Định, Quận 5, An Giang', N'0976481339', N'khach4@gmail.com');
INSERT INTO KhachHang (MaKH, HoTen, DiaChi, SDT, Email) VALUES (N'KH005', N'Huỳnh Thanh Sơn', N'174 Đường Trần Hưng Đạo, Phường Bến Nghé, Quận 3, Quảng Ninh', N'0991290844', N'khach5@gmail.com');
INSERT INTO KhachHang (MaKH, HoTen, DiaChi, SDT, Email) VALUES (N'KH006', N'Võ Thanh Anh', N'145 Đường Cách Mạng Tháng 8, Phường 5, Quận 1, Tuyên Quang', N'0980034651', N'khach6@gmail.com');
INSERT INTO KhachHang (MaKH, HoTen, DiaChi, SDT, Email) VALUES (N'KH007', N'Huỳnh Hữu Dung', N'84 Đường Điện Biên Phủ, Phường 3, Quận 5, TP. Hồ Chí Minh', N'0920105613', N'khach7@gmail.com');
INSERT INTO KhachHang (MaKH, HoTen, DiaChi, SDT, Email) VALUES (N'KH008', N'Phạm Trung Giang', N'111 Đường Phạm Văn Đồng, Phường 4, Quận 5, Thanh Hóa', N'0926133976', N'khach8@gmail.com');
INSERT INTO KhachHang (MaKH, HoTen, DiaChi, SDT, Email) VALUES (N'KH009', N'Huỳnh Ngọc Anh', N'200 Đường Nguyễn Trãi, Phường 1, Quận 3, Đắk Lắk', N'0955539451', N'khach9@gmail.com');
INSERT INTO KhachHang (MaKH, HoTen, DiaChi, SDT, Email) VALUES (N'KH010', N'Vũ Thị Linh', N'81 Đường Trường Chinh, Phường Tân Định, Quận Bình Thạnh, Thanh Hóa', N'0969050287', N'khach10@gmail.com');
INSERT INTO KhachHang (MaKH, HoTen, DiaChi, SDT, Email) VALUES (N'KH011', N'Đặng Đức Châu', N'88 Đường Lê Duẩn, Phường 4, Quận Tân Phú, Quảng Trị', N'0902337193', N'khach11@gmail.com');
INSERT INTO KhachHang (MaKH, HoTen, DiaChi, SDT, Email) VALUES (N'KH012', N'Đặng Thanh Minh', N'53 Đường Hoàng Hoa Thám, Phường 1, Quận 7, Quảng Nam', N'0925230778', N'khach12@gmail.com');
INSERT INTO KhachHang (MaKH, HoTen, DiaChi, SDT, Email) VALUES (N'KH013', N'Đặng Hữu Bình', N'177 Đường Điện Biên Phủ, Phường 4, Quận 7, Phú Thọ', N'0919742575', N'khach13@gmail.com');
INSERT INTO KhachHang (MaKH, HoTen, DiaChi, SDT, Email) VALUES (N'KH014', N'Đặng Trung Giang', N'190 Đường Lê Duẩn, Phường 1, Quận 1, Hòa Bình', N'0995315375', N'khach14@gmail.com');
INSERT INTO KhachHang (MaKH, HoTen, DiaChi, SDT, Email) VALUES (N'KH015', N'Phạm Gia Sơn', N'18 Đường Điện Biên Phủ, Phường 2, Quận Bình Thạnh, Tuyên Quang', N'0937065556', N'khach15@gmail.com');
INSERT INTO KhachHang (MaKH, HoTen, DiaChi, SDT, Email) VALUES (N'KH016', N'Đặng Đức Hà', N'110 Đường Cách Mạng Tháng 8, Phường Tân Định, Quận Bình Thạnh, Quảng Nam', N'0970380737', N'khach16@gmail.com');
INSERT INTO KhachHang (MaKH, HoTen, DiaChi, SDT, Email) VALUES (N'KH017', N'Phan Thanh Hương', N'181 Đường Nguyễn Văn Cừ, Phường 4, Quận 7, Cần Thơ', N'0914869118', N'khach17@gmail.com');
INSERT INTO KhachHang (MaKH, HoTen, DiaChi, SDT, Email) VALUES (N'KH018', N'Phạm Thanh Trang', N'183 Đường Cách Mạng Tháng 8, Phường Bến Nghé, Quận Gò Vấp, Khánh Hòa', N'0925370503', N'khach18@gmail.com');
INSERT INTO KhachHang (MaKH, HoTen, DiaChi, SDT, Email) VALUES (N'KH019', N'Phạm Gia Giang', N'189 Đường Lý Thường Kiệt, Phường Tân Định, Quận Tân Phú, Đắk Lắk', N'0915231725', N'khach19@gmail.com');
INSERT INTO KhachHang (MaKH, HoTen, DiaChi, SDT, Email) VALUES (N'KH020', N'Phan Gia Giang', N'115 Đường Lê Duẩn, Phường Tân Định, Quận Tân Phú, Quảng Ninh', N'0926314388', N'khach20@gmail.com');
INSERT INTO KhachHang (MaKH, HoTen, DiaChi, SDT, Email) VALUES (N'KH021', N'Phan Xuân Hương', N'40 Đường Trần Hưng Đạo, Phường Tân Định, Quận 5, Hải Phòng', N'0940152462', N'khach21@gmail.com');
INSERT INTO KhachHang (MaKH, HoTen, DiaChi, SDT, Email) VALUES (N'KH022', N'Hoàng Gia Minh', N'47 Đường Lý Thường Kiệt, Phường Tân Định, Quận Thủ Đức, Nam Định', N'0945067552', N'khach22@gmail.com');
INSERT INTO KhachHang (MaKH, HoTen, DiaChi, SDT, Email) VALUES (N'KH023', N'Võ Xuân Bình', N'184 Đường Hoàng Hoa Thám, Phường Tân Định, Quận 7, Quảng Nam', N'0907283101', N'khach23@gmail.com');
INSERT INTO KhachHang (MaKH, HoTen, DiaChi, SDT, Email) VALUES (N'KH024', N'Lê Thanh Quang', N'106 Đường Lý Thường Kiệt, Phường 5, Quận Bình Thạnh, Khánh Hòa', N'0995545923', N'khach24@gmail.com');
INSERT INTO KhachHang (MaKH, HoTen, DiaChi, SDT, Email) VALUES (N'KH025', N'Phan Trung Tú', N'90 Đường Điện Biên Phủ, Phường 2, Quận 7, Nghệ An', N'0991909105', N'khach25@gmail.com');
INSERT INTO KhachHang (MaKH, HoTen, DiaChi, SDT, Email) VALUES (N'KH026', N'Lê Văn Ngọc', N'137 Đường Nguyễn Văn Cừ, Phường Tân Định, Quận Bình Thạnh, Phú Thọ', N'0932920682', N'khach26@gmail.com');
INSERT INTO KhachHang (MaKH, HoTen, DiaChi, SDT, Email) VALUES (N'KH027', N'Phan Văn Nam', N'85 Đường Nguyễn Văn Cừ, Phường 4, Quận Tân Phú, Nam Định', N'0911087229', N'khach27@gmail.com');
INSERT INTO KhachHang (MaKH, HoTen, DiaChi, SDT, Email) VALUES (N'KH028', N'Hoàng Gia Anh', N'195 Đường Hoàng Hoa Thám, Phường 1, Quận 5, Cần Thơ', N'0997855891', N'khach28@gmail.com');
INSERT INTO KhachHang (MaKH, HoTen, DiaChi, SDT, Email) VALUES (N'KH029', N'Hoàng Văn Minh', N'164 Đường Điện Biên Phủ, Phường Tân Định, Quận 3, Quảng Trị', N'0975678789', N'khach29@gmail.com');
INSERT INTO KhachHang (MaKH, HoTen, DiaChi, SDT, Email) VALUES (N'KH030', N'Lê Thị Khoa', N'112 Đường Điện Biên Phủ, Phường 1, Quận 3, TP. Hồ Chí Minh', N'0929008571', N'khach30@gmail.com');
INSERT INTO KhachHang (MaKH, HoTen, DiaChi, SDT, Email) VALUES (N'KH031', N'Đặng Hữu Dũng', N'68 Đường Cách Mạng Tháng 8, Phường 6, Quận Bình Thạnh, Thanh Hóa', N'0923734697', N'khach31@gmail.com');
INSERT INTO KhachHang (MaKH, HoTen, DiaChi, SDT, Email) VALUES (N'KH032', N'Phan Thanh Phát', N'136 Đường Phạm Văn Đồng, Phường 2, Quận Tân Phú, Hưng Yên', N'0933216799', N'khach32@gmail.com');
INSERT INTO KhachHang (MaKH, HoTen, DiaChi, SDT, Email) VALUES (N'KH033', N'Phạm Thanh Ngọc', N'99 Đường Hoàng Hoa Thám, Phường 2, Quận 5, Thái Bình', N'0926658586', N'khach33@gmail.com');
INSERT INTO KhachHang (MaKH, HoTen, DiaChi, SDT, Email) VALUES (N'KH034', N'Đặng Thanh Nga', N'155 Đường Trường Chinh, Phường Bến Nghé, Quận 3, Quảng Ninh', N'0914080643', N'khach34@gmail.com');
INSERT INTO KhachHang (MaKH, HoTen, DiaChi, SDT, Email) VALUES (N'KH035', N'Vũ Thái Giang', N'4 Đường Nguyễn Văn Cừ, Phường 6, Quận 5, Nghệ An', N'0996631279', N'khach35@gmail.com');
INSERT INTO KhachHang (MaKH, HoTen, DiaChi, SDT, Email) VALUES (N'KH036', N'Đặng Thị Hương', N'96 Đường Trần Hưng Đạo, Phường 6, Quận 1, Quảng Trị', N'0955081147', N'khach36@gmail.com');
INSERT INTO KhachHang (MaKH, HoTen, DiaChi, SDT, Email) VALUES (N'KH037', N'Đặng Đức Phát', N'49 Đường Lý Thường Kiệt, Phường Bến Nghé, Quận Bình Thạnh, TP. Hồ Chí Minh', N'0952115815', N'khach37@gmail.com');
INSERT INTO KhachHang (MaKH, HoTen, DiaChi, SDT, Email) VALUES (N'KH038', N'Hoàng Văn Tú', N'128 Đường Hoàng Hoa Thám, Phường 5, Quận Thủ Đức, Đồng Nai', N'0941866774', N'khach38@gmail.com');
INSERT INTO KhachHang (MaKH, HoTen, DiaChi, SDT, Email) VALUES (N'KH039', N'Lê Gia Hương', N'28 Đường Cách Mạng Tháng 8, Phường 4, Quận Thủ Đức, Thái Bình', N'0909049517', N'khach39@gmail.com');
INSERT INTO KhachHang (MaKH, HoTen, DiaChi, SDT, Email) VALUES (N'KH040', N'Lê Thái Ngọc', N'192 Đường Hoàng Hoa Thám, Phường 2, Quận 1, Bạc Liêu', N'0910480969', N'khach40@gmail.com');
INSERT INTO KhachHang (MaKH, HoTen, DiaChi, SDT, Email) VALUES (N'KH041', N'Phạm Thị Dung', N'165 Đường Lê Duẩn, Phường Bến Nghé, Quận 7, Hòa Bình', N'0909224623', N'khach41@gmail.com');
INSERT INTO KhachHang (MaKH, HoTen, DiaChi, SDT, Email) VALUES (N'KH042', N'Võ Đức Trang', N'86 Đường Cách Mạng Tháng 8, Phường 1, Quận 5, Đồng Nai', N'0997370343', N'khach42@gmail.com');
INSERT INTO KhachHang (MaKH, HoTen, DiaChi, SDT, Email) VALUES (N'KH043', N'Hoàng Gia Hương', N'9 Đường Lê Duẩn, Phường Tân Định, Quận Gò Vấp, Bạc Liêu', N'0994062744', N'khach43@gmail.com');
INSERT INTO KhachHang (MaKH, HoTen, DiaChi, SDT, Email) VALUES (N'KH044', N'Hoàng Gia Anh', N'54 Đường Cách Mạng Tháng 8, Phường 5, Quận 3, Quảng Ninh', N'0994345298', N'khach44@gmail.com');
INSERT INTO KhachHang (MaKH, HoTen, DiaChi, SDT, Email) VALUES (N'KH045', N'Võ Hữu Trang', N'135 Đường Cách Mạng Tháng 8, Phường Bến Nghé, Quận Gò Vấp, Hưng Yên', N'0955883936', N'khach45@gmail.com');
INSERT INTO KhachHang (MaKH, HoTen, DiaChi, SDT, Email) VALUES (N'KH046', N'Võ Gia Châu', N'1 Đường Hoàng Hoa Thám, Phường 3, Quận 1, Gia Lai', N'0900950066', N'khach46@gmail.com');
INSERT INTO KhachHang (MaKH, HoTen, DiaChi, SDT, Email) VALUES (N'KH047', N'Trần Hữu Khoa', N'116 Đường Nguyễn Văn Cừ, Phường 3, Quận Bình Thạnh, Hải Phòng', N'0990108928', N'khach47@gmail.com');
INSERT INTO KhachHang (MaKH, HoTen, DiaChi, SDT, Email) VALUES (N'KH048', N'Nguyễn Thị Hương', N'1 Đường Lê Duẩn, Phường 5, Quận Gò Vấp, Bình Dương', N'0921322073', N'khach48@gmail.com');
INSERT INTO KhachHang (MaKH, HoTen, DiaChi, SDT, Email) VALUES (N'KH049', N'Lê Thanh Khoa', N'35 Đường Trần Hưng Đạo, Phường 4, Quận 7, Quảng Nam', N'0942294831', N'khach49@gmail.com');
INSERT INTO KhachHang (MaKH, HoTen, DiaChi, SDT, Email) VALUES (N'KH050', N'Nguyễn Gia Khoa', N'177 Đường Nguyễn Trãi, Phường 6, Quận Tân Phú, Bình Dương', N'0954636325', N'khach50@gmail.com');
INSERT INTO KhachHang (MaKH, HoTen, DiaChi, SDT, Email) VALUES (N'KH051', N'Hoàng Thanh Quang', N'75 Đường Hoàng Hoa Thám, Phường Tân Định, Quận 7, Thanh Hóa', N'0918337591', N'khach51@gmail.com');
INSERT INTO KhachHang (MaKH, HoTen, DiaChi, SDT, Email) VALUES (N'KH052', N'Huỳnh Văn Bình', N'82 Đường Trường Chinh, Phường Tân Định, Quận Thủ Đức, Hải Phòng', N'0911152437', N'khach52@gmail.com');
INSERT INTO KhachHang (MaKH, HoTen, DiaChi, SDT, Email) VALUES (N'KH053', N'Huỳnh Ngọc Phát', N'136 Đường Nguyễn Văn Cừ, Phường 6, Quận 5, Bạc Liêu', N'0981289332', N'khach53@gmail.com');
INSERT INTO KhachHang (MaKH, HoTen, DiaChi, SDT, Email) VALUES (N'KH054', N'Lê Đức Hương', N'38 Đường Nguyễn Trãi, Phường 5, Quận 3, Bình Định', N'0943213995', N'khach54@gmail.com');
INSERT INTO KhachHang (MaKH, HoTen, DiaChi, SDT, Email) VALUES (N'KH055', N'Võ Văn Bình', N'77 Đường Nguyễn Trãi, Phường 2, Quận Tân Phú, Hải Phòng', N'0959012593', N'khach55@gmail.com');
INSERT INTO KhachHang (MaKH, HoTen, DiaChi, SDT, Email) VALUES (N'KH056', N'Trần Xuân Tú', N'61 Đường Trường Chinh, Phường 6, Quận 3, Hòa Bình', N'0923447584', N'khach56@gmail.com');
INSERT INTO KhachHang (MaKH, HoTen, DiaChi, SDT, Email) VALUES (N'KH057', N'Nguyễn Hữu Giang', N'70 Đường Cách Mạng Tháng 8, Phường 4, Quận 1, Hải Phòng', N'0972287234', N'khach57@gmail.com');
INSERT INTO KhachHang (MaKH, HoTen, DiaChi, SDT, Email) VALUES (N'KH058', N'Nguyễn Gia Nam', N'153 Đường Trần Hưng Đạo, Phường 2, Quận 7, Quảng Ninh', N'0974792707', N'khach58@gmail.com');
INSERT INTO KhachHang (MaKH, HoTen, DiaChi, SDT, Email) VALUES (N'KH059', N'Vũ Đức Bình', N'29 Đường Lê Duẩn, Phường Tân Định, Quận 1, Bạc Liêu', N'0903264572', N'khach59@gmail.com');
INSERT INTO KhachHang (MaKH, HoTen, DiaChi, SDT, Email) VALUES (N'KH060', N'Phan Đức Trang', N'178 Đường Lê Duẩn, Phường 1, Quận Gò Vấp, Quảng Ninh', N'0963072852', N'khach60@gmail.com');
INSERT INTO KhachHang (MaKH, HoTen, DiaChi, SDT, Email) VALUES (N'KH061', N'Vũ Văn Trang', N'46 Đường Lê Duẩn, Phường Tân Định, Quận Bình Thạnh, Bình Định', N'0916525528', N'khach61@gmail.com');
INSERT INTO KhachHang (MaKH, HoTen, DiaChi, SDT, Email) VALUES (N'KH062', N'Phan Thị Hà', N'156 Đường Hoàng Hoa Thám, Phường 4, Quận Gò Vấp, Tuyên Quang', N'0923230051', N'khach62@gmail.com');
INSERT INTO KhachHang (MaKH, HoTen, DiaChi, SDT, Email) VALUES (N'KH063', N'Vũ Văn Nam', N'79 Đường Hoàng Hoa Thám, Phường Bến Nghé, Quận 7, Cần Thơ', N'0905402378', N'khach63@gmail.com');
INSERT INTO KhachHang (MaKH, HoTen, DiaChi, SDT, Email) VALUES (N'KH064', N'Hoàng Văn Dung', N'104 Đường Nguyễn Văn Cừ, Phường 2, Quận 5, Nam Định', N'0940947670', N'khach64@gmail.com');
INSERT INTO KhachHang (MaKH, HoTen, DiaChi, SDT, Email) VALUES (N'KH065', N'Huỳnh Thanh Nga', N'88 Đường Điện Biên Phủ, Phường 3, Quận Gò Vấp, Thanh Hóa', N'0992632290', N'khach65@gmail.com');
INSERT INTO KhachHang (MaKH, HoTen, DiaChi, SDT, Email) VALUES (N'KH066', N'Vũ Văn Tú', N'83 Đường Trường Chinh, Phường 1, Quận Gò Vấp, Phú Thọ', N'0948690166', N'khach66@gmail.com');
INSERT INTO KhachHang (MaKH, HoTen, DiaChi, SDT, Email) VALUES (N'KH067', N'Phạm Hữu Sơn', N'127 Đường Lý Thường Kiệt, Phường 3, Quận Tân Phú, Tuyên Quang', N'0967328501', N'khach67@gmail.com');
INSERT INTO KhachHang (MaKH, HoTen, DiaChi, SDT, Email) VALUES (N'KH068', N'Lê Thị Phát', N'165 Đường Nguyễn Văn Cừ, Phường 3, Quận 3, TP. Hồ Chí Minh', N'0933048118', N'khach68@gmail.com');
INSERT INTO KhachHang (MaKH, HoTen, DiaChi, SDT, Email) VALUES (N'KH069', N'Huỳnh Xuân Tâm', N'108 Đường Phạm Văn Đồng, Phường 4, Quận Thủ Đức, Quảng Nam', N'0939077347', N'khach69@gmail.com');
INSERT INTO KhachHang (MaKH, HoTen, DiaChi, SDT, Email) VALUES (N'KH070', N'Nguyễn Văn Tú', N'119 Đường Hoàng Hoa Thám, Phường 3, Quận Gò Vấp, Lâm Đồng', N'0902242726', N'khach70@gmail.com');
INSERT INTO KhachHang (MaKH, HoTen, DiaChi, SDT, Email) VALUES (N'KH071', N'Võ Xuân Khoa', N'152 Đường Nguyễn Văn Cừ, Phường Bến Nghé, Quận 5, Nam Định', N'0946944582', N'khach71@gmail.com');
INSERT INTO KhachHang (MaKH, HoTen, DiaChi, SDT, Email) VALUES (N'KH072', N'Lê Đức Dung', N'39 Đường Trần Hưng Đạo, Phường 1, Quận Tân Phú, Phú Thọ', N'0915524590', N'khach72@gmail.com');
INSERT INTO KhachHang (MaKH, HoTen, DiaChi, SDT, Email) VALUES (N'KH073', N'Phạm Đức Tú', N'157 Đường Nguyễn Trãi, Phường 1, Quận 3, TP. Hồ Chí Minh', N'0975965051', N'khach73@gmail.com');
INSERT INTO KhachHang (MaKH, HoTen, DiaChi, SDT, Email) VALUES (N'KH074', N'Nguyễn Xuân Châu', N'3 Đường Hoàng Hoa Thám, Phường 1, Quận 5, Bạc Liêu', N'0904171111', N'khach74@gmail.com');
INSERT INTO KhachHang (MaKH, HoTen, DiaChi, SDT, Email) VALUES (N'KH075', N'Lê Hữu Quang', N'193 Đường Lê Duẩn, Phường 1, Quận Bình Thạnh, Bạc Liêu', N'0963643954', N'khach75@gmail.com');
INSERT INTO KhachHang (MaKH, HoTen, DiaChi, SDT, Email) VALUES (N'KH076', N'Võ Xuân Anh', N'150 Đường Cách Mạng Tháng 8, Phường 6, Quận Thủ Đức, Đắk Lắk', N'0930378862', N'khach76@gmail.com');
INSERT INTO KhachHang (MaKH, HoTen, DiaChi, SDT, Email) VALUES (N'KH077', N'Lê Hữu Quang', N'190 Đường Cách Mạng Tháng 8, Phường 1, Quận Gò Vấp, Sóc Trăng', N'0991597212', N'khach77@gmail.com');
INSERT INTO KhachHang (MaKH, HoTen, DiaChi, SDT, Email) VALUES (N'KH078', N'Võ Trung Châu', N'198 Đường Trường Chinh, Phường Tân Định, Quận Bình Thạnh, Hòa Bình', N'0951831643', N'khach78@gmail.com');
INSERT INTO KhachHang (MaKH, HoTen, DiaChi, SDT, Email) VALUES (N'KH079', N'Phan Thanh Tâm', N'123 Đường Trường Chinh, Phường Bến Nghé, Quận 7, Lâm Đồng', N'0998825597', N'khach79@gmail.com');
INSERT INTO KhachHang (MaKH, HoTen, DiaChi, SDT, Email) VALUES (N'KH080', N'Lê Đức Dũng', N'90 Đường Trần Hưng Đạo, Phường Bến Nghé, Quận 5, Bình Định', N'0945470750', N'khach80@gmail.com');
INSERT INTO KhachHang (MaKH, HoTen, DiaChi, SDT, Email) VALUES (N'KH081', N'Phan Gia Nam', N'93 Đường Nguyễn Trãi, Phường Tân Định, Quận Thủ Đức, Tuyên Quang', N'0937935915', N'khach81@gmail.com');
INSERT INTO KhachHang (MaKH, HoTen, DiaChi, SDT, Email) VALUES (N'KH082', N'Lê Thị Dũng', N'167 Đường Điện Biên Phủ, Phường 6, Quận Tân Phú, Nam Định', N'0932301215', N'khach82@gmail.com');
INSERT INTO KhachHang (MaKH, HoTen, DiaChi, SDT, Email) VALUES (N'KH083', N'Đặng Ngọc Hương', N'128 Đường Nguyễn Trãi, Phường Tân Định, Quận Tân Phú, An Giang', N'0922487254', N'khach83@gmail.com');
INSERT INTO KhachHang (MaKH, HoTen, DiaChi, SDT, Email) VALUES (N'KH084', N'Đặng Trung Bình', N'116 Đường Nguyễn Văn Cừ, Phường 4, Quận 7, Bình Định', N'0962165854', N'khach84@gmail.com');
INSERT INTO KhachHang (MaKH, HoTen, DiaChi, SDT, Email) VALUES (N'KH085', N'Hoàng Xuân Bình', N'141 Đường Nguyễn Trãi, Phường 2, Quận Tân Phú, Gia Lai', N'0902419913', N'khach85@gmail.com');
INSERT INTO KhachHang (MaKH, HoTen, DiaChi, SDT, Email) VALUES (N'KH086', N'Lê Xuân Tâm', N'15 Đường Hoàng Hoa Thám, Phường 1, Quận 5, Cần Thơ', N'0912867592', N'khach86@gmail.com');
INSERT INTO KhachHang (MaKH, HoTen, DiaChi, SDT, Email) VALUES (N'KH087', N'Đặng Đức Dũng', N'121 Đường Trường Chinh, Phường 5, Quận Tân Phú, Tuyên Quang', N'0928162750', N'khach87@gmail.com');
INSERT INTO KhachHang (MaKH, HoTen, DiaChi, SDT, Email) VALUES (N'KH088', N'Phan Ngọc Hà', N'187 Đường Phạm Văn Đồng, Phường 2, Quận 3, Quảng Trị', N'0959952353', N'khach88@gmail.com');
INSERT INTO KhachHang (MaKH, HoTen, DiaChi, SDT, Email) VALUES (N'KH089', N'Hoàng Trung Tâm', N'56 Đường Lê Duẩn, Phường 2, Quận Thủ Đức, Đồng Nai', N'0973803995', N'khach89@gmail.com');
INSERT INTO KhachHang (MaKH, HoTen, DiaChi, SDT, Email) VALUES (N'KH090', N'Huỳnh Thái Nga', N'60 Đường Trần Hưng Đạo, Phường Bến Nghé, Quận Gò Vấp, TP. Hồ Chí Minh', N'0996133863', N'khach90@gmail.com');
INSERT INTO KhachHang (MaKH, HoTen, DiaChi, SDT, Email) VALUES (N'KH091', N'Vũ Ngọc Tâm', N'22 Đường Trường Chinh, Phường 4, Quận Thủ Đức, Quảng Ninh', N'0988412842', N'khach91@gmail.com');
INSERT INTO KhachHang (MaKH, HoTen, DiaChi, SDT, Email) VALUES (N'KH092', N'Hoàng Thanh Dung', N'55 Đường Lê Duẩn, Phường 4, Quận Tân Phú, Nghệ An', N'0990565470', N'khach92@gmail.com');
INSERT INTO KhachHang (MaKH, HoTen, DiaChi, SDT, Email) VALUES (N'KH093', N'Võ Hữu Tú', N'96 Đường Lý Thường Kiệt, Phường Bến Nghé, Quận 1, Quảng Ninh', N'0931481786', N'khach93@gmail.com');
INSERT INTO KhachHang (MaKH, HoTen, DiaChi, SDT, Email) VALUES (N'KH094', N'Nguyễn Thanh Ngọc', N'150 Đường Điện Biên Phủ, Phường 2, Quận Tân Phú, Đà Nẵng', N'0957069321', N'khach94@gmail.com');
INSERT INTO KhachHang (MaKH, HoTen, DiaChi, SDT, Email) VALUES (N'KH095', N'Vũ Ngọc Giang', N'19 Đường Lê Duẩn, Phường 2, Quận 1, Nghệ An', N'0919608968', N'khach95@gmail.com');
INSERT INTO KhachHang (MaKH, HoTen, DiaChi, SDT, Email) VALUES (N'KH096', N'Đặng Văn Quang', N'118 Đường Điện Biên Phủ, Phường 4, Quận 7, Quảng Nam', N'0931220524', N'khach96@gmail.com');
INSERT INTO KhachHang (MaKH, HoTen, DiaChi, SDT, Email) VALUES (N'KH097', N'Đặng Thanh Châu', N'199 Đường Lê Duẩn, Phường Bến Nghé, Quận Gò Vấp, Sóc Trăng', N'0903641641', N'khach97@gmail.com');
INSERT INTO KhachHang (MaKH, HoTen, DiaChi, SDT, Email) VALUES (N'KH098', N'Phan Thái Linh', N'42 Đường Nguyễn Văn Cừ, Phường Bến Nghé, Quận 7, Phú Thọ', N'0977779655', N'khach98@gmail.com');
INSERT INTO KhachHang (MaKH, HoTen, DiaChi, SDT, Email) VALUES (N'KH099', N'Hoàng Thanh Quang', N'104 Đường Nguyễn Văn Cừ, Phường 5, Quận Tân Phú, Quảng Nam', N'0903247633', N'khach99@gmail.com');
INSERT INTO KhachHang (MaKH, HoTen, DiaChi, SDT, Email) VALUES (N'KH100', N'Phan Thị Dung', N'62 Đường Nguyễn Văn Cừ, Phường Bến Nghé, Quận 7, Thanh Hóa', N'0953786943', N'khach100@gmail.com');
-- NHAN VIEN
INSERT INTO NhanVien (MaNV, HoTen, ChucVu, NgayVaoLam, SDT, Email, CCCD) VALUES (N'NV001', N'Nguyễn Văn An', N'Nhân viên', '2021-09-14', N'0943944556', N'nv1@nhasach.vn', N'012345678901');
INSERT INTO NhanVien (MaNV, HoTen, ChucVu, NgayVaoLam, SDT, Email, CCCD) VALUES (N'NV002', N'Trần Thị Bình', N'Nhân viên', '2023-09-04', N'0912345678', N'nv2@nhasach.vn', N'012345678902');
INSERT INTO NhanVien (MaNV, HoTen, ChucVu, NgayVaoLam, SDT, Email, CCCD) VALUES (N'NV003', N'Phạm Minh Châu', N'Nhân viên', '2023-02-26', N'0935048014', N'nv3@nhasach.vn', N'012345678903');
INSERT INTO NhanVien (MaNV, HoTen, ChucVu, NgayVaoLam, SDT, Email, CCCD) VALUES (N'NV004', N'Lê Thị Dung', N'Nhân viên', '2021-02-06', N'0975446716', N'nv4@nhasach.vn', N'012345678904');
INSERT INTO NhanVien (MaNV, HoTen, ChucVu, NgayVaoLam, SDT, Email, CCCD) VALUES (N'NV005', N'Hoàng Văn Em', N'Quản lý', '2022-07-13', N'0984307431', N'nv5@nhasach.vn', N'012345678905');
INSERT INTO NhanVien (MaNV, HoTen, ChucVu, NgayVaoLam, SDT, Email, CCCD) VALUES (N'NV006', N'Vũ Thị Hoa', N'Quản lý', '2021-05-30', N'0962769653', N'nv6@nhasach.vn', N'012345678906');
INSERT INTO NhanVien (MaNV, HoTen, ChucVu, NgayVaoLam, SDT, Email, CCCD) VALUES (N'NV007', N'Đặng Minh Hùng', N'Quản lý', '2020-07-14', N'0905229201', N'nv7@nhasach.vn', N'012345678907');
INSERT INTO NhanVien (MaNV, HoTen, ChucVu, NgayVaoLam, SDT, Email, CCCD) VALUES (N'NV008', N'Bùi Văn Khang', N'Quản lý', '2021-10-02', N'0940017406', N'nv8@nhasach.vn', N'012345678908');
INSERT INTO NhanVien (MaNV, HoTen, ChucVu, NgayVaoLam, SDT, Email, CCCD) VALUES (N'NV009', N'Ngô Thị Lan', N'Quản lý', '2021-10-09', N'0925175265', N'nv9@nhasach.vn', N'012345678909');
INSERT INTO NhanVien (MaNV, HoTen, ChucVu, NgayVaoLam, SDT, Email, CCCD) VALUES (N'NV010', N'Trương Thị Mai', N'Nhân viên', '2024-03-13', N'0984889292', N'nv10@nhasach.vn', N'012345678910');
INSERT INTO NhanVien (MaNV, HoTen, ChucVu, NgayVaoLam, SDT, Email, CCCD) VALUES (N'NV011', N'Lý Văn Nam', N'Quản lý', '2021-07-21', N'0939048568', N'nv11@nhasach.vn', N'012345678911');
INSERT INTO NhanVien (MaNV, HoTen, ChucVu, NgayVaoLam, SDT, Email, CCCD) VALUES (N'NV012', N'Đỗ Minh Nhật', N'Nhân viên', '2020-11-06', N'0972038718', N'nv12@nhasach.vn', N'012345678912');
INSERT INTO NhanVien (MaNV, HoTen, ChucVu, NgayVaoLam, SDT, Email, CCCD) VALUES (N'NV013', N'Huỳnh Thị Oanh', N'Quản lý', '2020-12-21', N'0914908929', N'nv13@nhasach.vn', N'012345678913');
INSERT INTO NhanVien (MaNV, HoTen, ChucVu, NgayVaoLam, SDT, Email, CCCD) VALUES (N'NV014', N'Phan Văn Phong', N'Quản lý', '2021-09-15', N'0936691110', N'nv14@nhasach.vn', N'012345678914');
INSERT INTO NhanVien (MaNV, HoTen, ChucVu, NgayVaoLam, SDT, Email, CCCD) VALUES (N'NV015', N'Nguyễn Thị Quyên', N'Quản lý', '2021-11-20', N'0982065260', N'nv15@nhasach.vn', N'012345678915');
INSERT INTO NhanVien (MaNV, HoTen, ChucVu, NgayVaoLam, SDT, Email, CCCD) VALUES (N'NV016', N'Trần Văn Sang', N'Nhân viên', '2021-10-29', N'0961194494', N'nv16@nhasach.vn', N'012345678916');
INSERT INTO NhanVien (MaNV, HoTen, ChucVu, NgayVaoLam, SDT, Email, CCCD) VALUES (N'NV017', N'Lê Thị Thanh', N'Nhân viên', '2023-06-05', N'0915685321', N'nv17@nhasach.vn', N'012345678917');
INSERT INTO NhanVien (MaNV, HoTen, ChucVu, NgayVaoLam, SDT, Email, CCCD) VALUES (N'NV018', N'Võ Minh Thiên', N'Quản lý', '2021-08-11', N'0940876413', N'nv18@nhasach.vn', N'012345678918');
INSERT INTO NhanVien (MaNV, HoTen, ChucVu, NgayVaoLam, SDT, Email, CCCD) VALUES (N'NV019', N'Bùi Văn Tín', N'Quản lý', '2024-09-18', N'0907151352', N'nv19@nhasach.vn', N'012345678919');
INSERT INTO NhanVien (MaNV, HoTen, ChucVu, NgayVaoLam, SDT, Email, CCCD) VALUES (N'NV020', N'Nguyễn Văn Út', N'Quản lý', '2024-12-24', N'0926918641', N'nv20@nhasach.vn', N'012345678920');
INSERT INTO NhanVien (MaNV, HoTen, ChucVu, NgayVaoLam, SDT, Email, CCCD) VALUES (N'NV021', N'Trần Minh Vương', N'Nhân viên', '2020-09-12', N'0936482064', N'nv21@nhasach.vn', N'012345678921');
INSERT INTO NhanVien (MaNV, HoTen, ChucVu, NgayVaoLam, SDT, Email, CCCD) VALUES (N'NV022', N'Phạm Thị Xuân', N'Quản lý', '2024-08-29', N'0952526134', N'nv22@nhasach.vn', N'012345678922');
INSERT INTO NhanVien (MaNV, HoTen, ChucVu, NgayVaoLam, SDT, Email, CCCD) VALUES (N'NV023', N'Lê Văn Ý', N'Quản lý', '2024-12-19', N'0965134194', N'nv23@nhasach.vn', N'012345678923');
INSERT INTO NhanVien (MaNV, HoTen, ChucVu, NgayVaoLam, SDT, Email, CCCD) VALUES (N'NV024', N'Đặng Minh Z', N'Quản lý', '2021-12-13', N'0926535648', N'nv24@nhasach.vn', N'012345678924');
INSERT INTO NhanVien (MaNV, HoTen, ChucVu, NgayVaoLam, SDT, Email, CCCD) VALUES (N'NV025', N'Ngô Văn Ân', N'Nhân viên', '2024-09-09', N'0934357959', N'nv25@nhasach.vn', N'012345678925');
INSERT INTO NhanVien (MaNV, HoTen, ChucVu, NgayVaoLam, SDT, Email, CCCD) VALUES (N'NV026', N'Trương Thị Bích', N'Quản lý', '2022-11-23', N'0955299974', N'nv26@nhasach.vn', N'012345678926');
INSERT INTO NhanVien (MaNV, HoTen, ChucVu, NgayVaoLam, SDT, Email, CCCD) VALUES (N'NV027', N'Bùi Văn Cường', N'Nhân viên', '2022-04-08', N'0947638163', N'nv27@nhasach.vn', N'012345678927');
INSERT INTO NhanVien (MaNV, HoTen, ChucVu, NgayVaoLam, SDT, Email, CCCD) VALUES (N'NV028', N'Vũ Minh Đức', N'Nhân viên', '2023-08-16', N'0989757329', N'nv28@nhasach.vn', N'012345678928');
INSERT INTO NhanVien (MaNV, HoTen, ChucVu, NgayVaoLam, SDT, Email, CCCD) VALUES (N'NV029', N'Phan Văn Hậu', N'Nhân viên', '2025-05-09', N'0945804085', N'nv29@nhasach.vn', N'012345678929');
INSERT INTO NhanVien (MaNV, HoTen, ChucVu, NgayVaoLam, SDT, Email, CCCD) VALUES (N'NV030', N'Nguyễn Văn Kiên', N'Nhân viên', '2022-12-14', N'0970676505', N'nv30@nhasach.vn', N'012345678930');
INSERT INTO NhanVien (MaNV, HoTen, ChucVu, NgayVaoLam, SDT, Email, CCCD) VALUES (N'NV031', N'Trần Thị Linh', N'Nhân viên', '2020-10-19', N'0949274342', N'nv31@nhasach.vn', N'012345678931');
INSERT INTO NhanVien (MaNV, HoTen, ChucVu, NgayVaoLam, SDT, Email, CCCD) VALUES (N'NV032', N'Lê Thị Minh', N'Quản lý', '2025-01-09', N'0979051583', N'nv32@nhasach.vn', N'012345678932');
INSERT INTO NhanVien (MaNV, HoTen, ChucVu, NgayVaoLam, SDT, Email, CCCD) VALUES (N'NV033', N'Đỗ Văn Nghĩa', N'Nhân viên', '2024-10-07', N'0930504145', N'nv33@nhasach.vn', N'012345678933');
INSERT INTO NhanVien (MaNV, HoTen, ChucVu, NgayVaoLam, SDT, Email, CCCD) VALUES (N'NV034', N'Nguyễn Thị Phương', N'Quản lý', '2024-10-22', N'0973483678', N'nv34@nhasach.vn', N'012345678934');
INSERT INTO NhanVien (MaNV, HoTen, ChucVu, NgayVaoLam, SDT, Email, CCCD) VALUES (N'NV035', N'Trần Văn Quốc', N'Quản lý', '2023-10-04', N'0941423344', N'nv35@nhasach.vn', N'012345678935');
INSERT INTO NhanVien (MaNV, HoTen, ChucVu, NgayVaoLam, SDT, Email, CCCD) VALUES (N'NV036', N'Phạm Minh Sơn', N'Nhân viên', '2022-05-21', N'0936747249', N'nv36@nhasach.vn', N'012345678936');
INSERT INTO NhanVien (MaNV, HoTen, ChucVu, NgayVaoLam, SDT, Email, CCCD) VALUES (N'NV037', N'Lê Thị Thảo', N'Nhân viên', '2023-10-27', N'0915672932', N'nv37@nhasach.vn', N'012345678937');
INSERT INTO NhanVien (MaNV, HoTen, ChucVu, NgayVaoLam, SDT, Email, CCCD) VALUES (N'NV038', N'Vũ Thị Uyên', N'Quản lý', '2020-07-31', N'0931090340', N'nv38@nhasach.vn', N'012345678938');
INSERT INTO NhanVien (MaNV, HoTen, ChucVu, NgayVaoLam, SDT, Email, CCCD) VALUES (N'NV039', N'Nguyễn Thị Vân', N'Nhân viên', '2021-12-30', N'0920256853', N'nv39@nhasach.vn', N'012345678939');
INSERT INTO NhanVien (MaNV, HoTen, ChucVu, NgayVaoLam, SDT, Email, CCCD) VALUES (N'NV040', N'Trần Văn Xuân', N'Quản lý', '2021-10-13', N'0963879560', N'nv40@nhasach.vn', N'012345678940');
INSERT INTO NhanVien (MaNV, HoTen, ChucVu, NgayVaoLam, SDT, Email, CCCD) VALUES (N'NV041', N'Đặng Minh Ý', N'Quản lý', '2020-10-11', N'0934543067', N'nv41@nhasach.vn', N'012345678941');
INSERT INTO NhanVien (MaNV, HoTen, ChucVu, NgayVaoLam, SDT, Email, CCCD) VALUES (N'NV042', N'Bùi Văn Z', N'Quản lý', '2021-03-24', N'0979435518', N'nv42@nhasach.vn', N'012345678942');
INSERT INTO NhanVien (MaNV, HoTen, ChucVu, NgayVaoLam, SDT, Email, CCCD) VALUES (N'NV043', N'Ngô Thị Ánh', N'Nhân viên', '2022-07-05', N'0952562138', N'nv43@nhasach.vn', N'012345678943');
INSERT INTO NhanVien (MaNV, HoTen, ChucVu, NgayVaoLam, SDT, Email, CCCD) VALUES (N'NV044', N'Phan Văn Bảo', N'Nhân viên', '2023-04-18', N'0927857289', N'nv44@nhasach.vn', N'012345678944');
INSERT INTO NhanVien (MaNV, HoTen, ChucVu, NgayVaoLam, SDT, Email, CCCD) VALUES (N'NV045', N'Nguyễn Thị Cẩm', N'Quản lý', '2024-11-20', N'0973003391', N'nv45@nhasach.vn', N'012345678945');
INSERT INTO NhanVien (MaNV, HoTen, ChucVu, NgayVaoLam, SDT, Email, CCCD) VALUES (N'NV046', N'Trần Văn Dũng', N'Quản lý', '2024-01-29', N'0919871259', N'nv46@nhasach.vn', N'012345678946');
INSERT INTO NhanVien (MaNV, HoTen, ChucVu, NgayVaoLam, SDT, Email, CCCD) VALUES (N'NV047', N'Lê Thị Hồng', N'Quản lý', '2022-08-19', N'0995812339', N'nv47@nhasach.vn', N'012345678947');
INSERT INTO NhanVien (MaNV, HoTen, ChucVu, NgayVaoLam, SDT, Email, CCCD) VALUES (N'NV048', N'Vũ Thị Kim', N'Nhân viên', '2024-04-12', N'0918976405', N'nv48@nhasach.vn', N'012345678948');
INSERT INTO NhanVien (MaNV, HoTen, ChucVu, NgayVaoLam, SDT, Email, CCCD) VALUES (N'NV049', N'Nguyễn Thị Lan', N'Quản lý', '2020-07-25', N'0947210137', N'nv49@nhasach.vn', N'012345678949');
INSERT INTO NhanVien (MaNV, HoTen, ChucVu, NgayVaoLam, SDT, Email, CCCD) VALUES (N'NV050', N'Trần Văn Minh', N'Nhân viên', '2024-09-01', N'0939480445', N'nv50@nhasach.vn', N'012345678950');
INSERT INTO NhanVien (MaNV, HoTen, ChucVu, NgayVaoLam, SDT, Email, CCCD) VALUES (N'NV051', N'Phạm Văn Nam', N'Quản lý', '2024-02-24', N'0962367912', N'nv51@nhasach.vn', N'012345678951');
INSERT INTO NhanVien (MaNV, HoTen, ChucVu, NgayVaoLam, SDT, Email, CCCD) VALUES (N'NV052', N'Lê Thị Ngọc', N'Nhân viên', '2022-07-09', N'0936822074', N'nv52@nhasach.vn', N'012345678952');
INSERT INTO NhanVien (MaNV, HoTen, ChucVu, NgayVaoLam, SDT, Email, CCCD) VALUES (N'NV053', N'Đặng Văn Phong', N'Quản lý', '2021-10-18', N'0936892131', N'nv53@nhasach.vn', N'012345678953');
INSERT INTO NhanVien (MaNV, HoTen, ChucVu, NgayVaoLam, SDT, Email, CCCD) VALUES (N'NV054', N'Nguyễn Thị Quy', N'Nhân viên', '2020-11-24', N'0981545792', N'nv54@nhasach.vn', N'012345678954');
INSERT INTO NhanVien (MaNV, HoTen, ChucVu, NgayVaoLam, SDT, Email, CCCD) VALUES (N'NV055', N'Trần Thị Sương', N'Quản lý', '2020-07-31', N'0875163443', N'nv55@nhasach.vn', N'012345678955');
INSERT INTO NhanVien (MaNV, HoTen, ChucVu, NgayVaoLam, SDT, Email, CCCD) VALUES (N'NV056', N'Vũ Thị Thắm', N'Quản lý', '2022-12-12', N'0970566391', N'nv56@nhasach.vn', N'012345678956');
INSERT INTO NhanVien (MaNV, HoTen, ChucVu, NgayVaoLam, SDT, Email, CCCD) VALUES (N'NV057', N'Bùi Thị Uyên', N'Nhân viên', '2020-09-18', N'0945745249', N'nv57@nhasach.vn', N'012345678957');
INSERT INTO NhanVien (MaNV, HoTen, ChucVu, NgayVaoLam, SDT, Email, CCCD) VALUES (N'NV058', N'Ngô Văn Vinh', N'Nhân viên', '2023-09-14', N'0924567738', N'nv58@nhasach.vn', N'012345678958');
INSERT INTO NhanVien (MaNV, HoTen, ChucVu, NgayVaoLam, SDT, Email, CCCD) VALUES (N'NV059', N'Phan Văn Ý', N'Quản lý', '2025-01-05', N'0932721036', N'nv59@nhasach.vn', N'012345678959');
INSERT INTO NhanVien (MaNV, HoTen, ChucVu, NgayVaoLam, SDT, Email, CCCD) VALUES (N'NV060', N'Trần Văn An', N'Nhân viên', '2021-08-28', N'0920165804', N'nv60@nhasach.vn', N'012345678960');
INSERT INTO NhanVien (MaNV, HoTen, ChucVu, NgayVaoLam, SDT, Email, CCCD) VALUES (N'NV061', N'Lê Thị Bình', N'Quản lý', '2025-05-03', N'0915413609', N'nv61@nhasach.vn', N'012345678961');
INSERT INTO NhanVien (MaNV, HoTen, ChucVu, NgayVaoLam, SDT, Email, CCCD) VALUES (N'NV062', N'Nguyễn Văn Cường', N'Quản lý', '2024-01-24', N'0979230129', N'nv62@nhasach.vn', N'012345678962');
INSERT INTO NhanVien (MaNV, HoTen, ChucVu, NgayVaoLam, SDT, Email, CCCD) VALUES (N'NV063', N'Vũ Thị Dung', N'Nhân viên', '2024-02-01', N'0917566653', N'nv63@nhasach.vn', N'012345678963');
INSERT INTO NhanVien (MaNV, HoTen, ChucVu, NgayVaoLam, SDT, Email, CCCD) VALUES (N'NV064', N'Phạm Thị Em', N'Nhân viên', '2020-08-23', N'0969501793', N'nv64@nhasach.vn', N'012345678964');
INSERT INTO NhanVien (MaNV, HoTen, ChucVu, NgayVaoLam, SDT, Email, CCCD) VALUES (N'NV065', N'Nguyễn Văn Hòa', N'Nhân viên', '2022-05-25', N'0971218032', N'nv65@nhasach.vn', N'012345678965');
INSERT INTO NhanVien (MaNV, HoTen, ChucVu, NgayVaoLam, SDT, Email, CCCD) VALUES (N'NV066', N'Trần Thị Hồng', N'Nhân viên', '2023-12-22', N'0929315900', N'nv66@nhasach.vn', N'012345678966');
INSERT INTO NhanVien (MaNV, HoTen, ChucVu, NgayVaoLam, SDT, Email, CCCD) VALUES (N'NV067', N'Lê Văn Khang', N'Nhân viên', '2023-01-09', N'0927593540', N'nv67@nhasach.vn', N'012345678967');
INSERT INTO NhanVien (MaNV, HoTen, ChucVu, NgayVaoLam, SDT, Email, CCCD) VALUES (N'NV068', N'Đặng Thị Lan', N'Quản lý', '2021-08-12', N'0875926064', N'nv68@nhasach.vn', N'012345678968');
INSERT INTO NhanVien (MaNV, HoTen, ChucVu, NgayVaoLam, SDT, Email, CCCD) VALUES (N'NV069', N'Nguyễn Thị Mai', N'Nhân viên', '2025-05-22', N'0977091836', N'nv69@nhasach.vn', N'012345678969');
INSERT INTO NhanVien (MaNV, HoTen, ChucVu, NgayVaoLam, SDT, Email, CCCD) VALUES (N'NV070', N'Trần Văn Nam', N'Quản lý', '2024-01-28', N'0992671929', N'nv70@nhasach.vn', N'012345678970');
INSERT INTO NhanVien (MaNV, HoTen, ChucVu, NgayVaoLam, SDT, Email, CCCD) VALUES (N'NV071', N'Phạm Thị Ngọc', N'Nhân viên', '2023-09-01', N'0944148101', N'nv71@nhasach.vn', N'012345678971');
INSERT INTO NhanVien (MaNV, HoTen, ChucVu, NgayVaoLam, SDT, Email, CCCD) VALUES (N'NV072', N'Vũ Thị Oanh', N'Nhân viên', '2021-11-18', N'0943809378', N'nv72@nhasach.vn', N'012345678972');
INSERT INTO NhanVien (MaNV, HoTen, ChucVu, NgayVaoLam, SDT, Email, CCCD) VALUES (N'NV073', N'Nguyễn Văn Phong', N'Quản lý', '2020-07-12', N'0948092096', N'nv73@nhasach.vn', N'012345678973');
INSERT INTO NhanVien (MaNV, HoTen, ChucVu, NgayVaoLam, SDT, Email, CCCD) VALUES (N'NV074', N'Trần Văn Quốc', N'Quản lý', '2025-03-03', N'0954638237', N'nv74@nhasach.vn', N'012345678974');
INSERT INTO NhanVien (MaNV, HoTen, ChucVu, NgayVaoLam, SDT, Email, CCCD) VALUES (N'NV075', N'Lê Văn Sang', N'Nhân viên', '2024-11-08', N'0912203314', N'nv75@nhasach.vn', N'012345678975');
INSERT INTO NhanVien (MaNV, HoTen, ChucVu, NgayVaoLam, SDT, Email, CCCD) VALUES (N'NV076', N'Đặng Minh Thiên', N'Nhân viên', '2021-08-13', N'0950627854', N'nv76@nhasach.vn', N'012345678976');
INSERT INTO NhanVien (MaNV, HoTen, ChucVu, NgayVaoLam, SDT, Email, CCCD) VALUES (N'NV077', N'Bùi Văn Tín', N'Quản lý', '2023-10-27', N'0963788611', N'nv77@nhasach.vn', N'012345678977');
INSERT INTO NhanVien (MaNV, HoTen, ChucVu, NgayVaoLam, SDT, Email, CCCD) VALUES (N'NV078', N'Nguyễn Văn Út', N'Quản lý', '2024-01-23', N'0979461047', N'nv78@nhasach.vn', N'012345678978');
INSERT INTO NhanVien (MaNV, HoTen, ChucVu, NgayVaoLam, SDT, Email, CCCD) VALUES (N'NV079', N'Trần Văn Vương', N'Nhân viên', '2021-12-02', N'0917352539', N'nv79@nhasach.vn', N'012345678979');
INSERT INTO NhanVien (MaNV, HoTen, ChucVu, NgayVaoLam, SDT, Email, CCCD) VALUES (N'NV080', N'Phạm Văn Xuân', N'Nhân viên', '2020-08-08', N'0923220309', N'nv80@nhasach.vn', N'012345678980');
INSERT INTO NhanVien (MaNV, HoTen, ChucVu, NgayVaoLam, SDT, Email, CCCD) VALUES (N'NV081', N'Lê Minh Ý', N'Nhân viên', '2022-11-29', N'0966208800', N'nv81@nhasach.vn', N'012345678981');
INSERT INTO NhanVien (MaNV, HoTen, ChucVu, NgayVaoLam, SDT, Email, CCCD) VALUES (N'NV082', N'Nguyễn Văn Z', N'Nhân viên', '2021-02-06', N'0989925702', N'nv82@nhasach.vn', N'012345678982');
INSERT INTO NhanVien (MaNV, HoTen, ChucVu, NgayVaoLam, SDT, Email, CCCD) VALUES (N'NV083', N'Trần Văn An', N'Nhân viên', '2022-10-13', N'0924824733', N'nv83@nhasach.vn', N'012345678983');
INSERT INTO NhanVien (MaNV, HoTen, ChucVu, NgayVaoLam, SDT, Email, CCCD) VALUES (N'NV084', N'Vũ Thị Bình', N'Nhân viên', '2022-05-20', N'0960809485', N'nv84@nhasach.vn', N'012345678984');
INSERT INTO NhanVien (MaNV, HoTen, ChucVu, NgayVaoLam, SDT, Email, CCCD) VALUES (N'NV085', N'Phạm Văn Cường', N'Quản lý', '2020-06-26', N'0906341185', N'nv85@nhasach.vn', N'012345678985');
INSERT INTO NhanVien (MaNV, HoTen, ChucVu, NgayVaoLam, SDT, Email, CCCD) VALUES (N'NV086', N'Nguyễn Thị Dung', N'Nhân viên', '2021-12-15', N'0872154538', N'nv86@nhasach.vn', N'012345678986');
INSERT INTO NhanVien (MaNV, HoTen, ChucVu, NgayVaoLam, SDT, Email, CCCD) VALUES (N'NV087', N'Trần Văn Em', N'Nhân viên', '2023-12-10', N'0921518122', N'nv87@nhasach.vn', N'012345678987');
INSERT INTO NhanVien (MaNV, HoTen, ChucVu, NgayVaoLam, SDT, Email, CCCD) VALUES (N'NV088', N'Lê Văn Hòa', N'Nhân viên', '2021-08-17', N'0918501280', N'nv88@nhasach.vn', N'012345678988');
INSERT INTO NhanVien (MaNV, HoTen, ChucVu, NgayVaoLam, SDT, Email, CCCD) VALUES (N'NV089', N'Đặng Văn Khang', N'Quản lý', '2023-07-22', N'0946835262', N'nv89@nhasach.vn', N'012345678989');
INSERT INTO NhanVien (MaNV, HoTen, ChucVu, NgayVaoLam, SDT, Email, CCCD) VALUES (N'NV090', N'Nguyễn Văn Lan', N'Quản lý', '2021-11-28', N'0917081492', N'nv90@nhasach.vn', N'012345678990');
INSERT INTO NhanVien (MaNV, HoTen, ChucVu, NgayVaoLam, SDT, Email, CCCD) VALUES (N'NV091', N'Trần Văn Mai', N'Nhân viên', '2020-12-05', N'0935883636', N'nv91@nhasach.vn', N'012345678991');
INSERT INTO NhanVien (MaNV, HoTen, ChucVu, NgayVaoLam, SDT, Email, CCCD) VALUES (N'NV092', N'Phạm Văn Nam', N'Nhân viên', '2024-06-13', N'0931875722', N'nv92@nhasach.vn', N'012345678992');
INSERT INTO NhanVien (MaNV, HoTen, ChucVu, NgayVaoLam, SDT, Email, CCCD) VALUES (N'NV093', N'Lê Thị Ngọc', N'Nhân viên', '2021-06-24', N'0916659023', N'nv93@nhasach.vn', N'012345678993');
INSERT INTO NhanVien (MaNV, HoTen, ChucVu, NgayVaoLam, SDT, Email, CCCD) VALUES (N'NV094', N'Nguyễn Văn Phong', N'Nhân viên', '2022-03-09', N'0933290994', N'nv94@nhasach.vn', N'012345678994');
INSERT INTO NhanVien (MaNV, HoTen, ChucVu, NgayVaoLam, SDT, Email, CCCD) VALUES (N'NV095', N'Trần Văn Quốc', N'Quản lý', '2021-01-12', N'0930472287', N'nv95@nhasach.vn', N'012345678995');
INSERT INTO NhanVien (MaNV, HoTen, ChucVu, NgayVaoLam, SDT, Email, CCCD) VALUES (N'NV096', N'Vũ Thị Sang', N'Nhân viên', '2021-03-22', N'0985672736', N'nv96@nhasach.vn', N'012345678996');
INSERT INTO NhanVien (MaNV, HoTen, ChucVu, NgayVaoLam, SDT, Email, CCCD) VALUES (N'NV097', N'Phạm Thị Thiên', N'Nhân viên', '2024-09-26', N'0916556329', N'nv97@nhasach.vn', N'012345678997');
INSERT INTO NhanVien (MaNV, HoTen, ChucVu, NgayVaoLam, SDT, Email, CCCD) VALUES (N'NV098', N'Nguyễn Thị Tín', N'Nhân viên', '2024-02-04', N'0925545687', N'nv98@nhasach.vn', N'012345678998');
INSERT INTO NhanVien (MaNV, HoTen, ChucVu, NgayVaoLam, SDT, Email, CCCD) VALUES (N'NV099', N'Trần Văn Út', N'Quản lý', '2021-09-30', N'0961949874', N'nv99@nhasach.vn', N'012345678999');
INSERT INTO NhanVien (MaNV, HoTen, ChucVu, NgayVaoLam, SDT, Email, CCCD) VALUES (N'NV100', N'Lê Thị Vân', N'Nhân viên', '2021-01-10', N'0942786037', N'nv100@nhasach.vn', N'012345679000');


-- KHUYEN MAI
INSERT INTO KhuyenMai (MaKhuyenMai, MoTa, NgayBatDau, NgayKetThuc, PhanTramGiamGia) VALUES (N'KM001', N'Giảm giá 2%', '2024-11-27', '2025-06-23', '2');
INSERT INTO KhuyenMai (MaKhuyenMai, MoTa, NgayBatDau, NgayKetThuc, PhanTramGiamGia) VALUES (N'KM002', N'Giảm giá 4%', '2025-04-11', '2025-09-27', '4');
INSERT INTO KhuyenMai (MaKhuyenMai, MoTa, NgayBatDau, NgayKetThuc, PhanTramGiamGia) VALUES (N'KM003', N'Giảm giá 6%', '2025-01-21', '2025-06-16', '6');
INSERT INTO KhuyenMai (MaKhuyenMai, MoTa, NgayBatDau, NgayKetThuc, PhanTramGiamGia) VALUES (N'KM004', N'Giảm giá 8%', '2024-12-28', '2025-08-31', '8');
INSERT INTO KhuyenMai (MaKhuyenMai, MoTa, NgayBatDau, NgayKetThuc, PhanTramGiamGia) VALUES (N'KM005', N'Giảm giá 10%', '2025-03-08', '2025-08-03', '10');
INSERT INTO KhuyenMai (MaKhuyenMai, MoTa, NgayBatDau, NgayKetThuc, PhanTramGiamGia) VALUES (N'KM006', N'Giảm giá 12%', '2025-01-19', '2025-09-12', '12');
INSERT INTO KhuyenMai (MaKhuyenMai, MoTa, NgayBatDau, NgayKetThuc, PhanTramGiamGia) VALUES (N'KM007', N'Giảm giá 14%', '2025-03-27', '2025-07-28', '14');
INSERT INTO KhuyenMai (MaKhuyenMai, MoTa, NgayBatDau, NgayKetThuc, PhanTramGiamGia) VALUES (N'KM008', N'Giảm giá 16%', '2025-04-17', '2025-08-11', '16');
INSERT INTO KhuyenMai (MaKhuyenMai, MoTa, NgayBatDau, NgayKetThuc, PhanTramGiamGia) VALUES (N'KM009', N'Giảm giá 18%', '2025-05-18', '2025-11-08', '18');
INSERT INTO KhuyenMai (MaKhuyenMai, MoTa, NgayBatDau, NgayKetThuc, PhanTramGiamGia) VALUES (N'KM010', N'Giảm giá 20%', '2025-04-05', '2025-08-24', '20');
INSERT INTO KhuyenMai (MaKhuyenMai, MoTa, NgayBatDau, NgayKetThuc, PhanTramGiamGia) VALUES (N'KM011', N'Giảm giá 22%', '2024-12-31', '2025-09-07', '22');
INSERT INTO KhuyenMai (MaKhuyenMai, MoTa, NgayBatDau, NgayKetThuc, PhanTramGiamGia) VALUES (N'KM012', N'Giảm giá 24%', '2024-12-16', '2025-05-26', '24');
INSERT INTO KhuyenMai (MaKhuyenMai, MoTa, NgayBatDau, NgayKetThuc, PhanTramGiamGia) VALUES (N'KM013', N'Giảm giá 26%', '2025-04-28', '2025-10-15', '26');
INSERT INTO KhuyenMai (MaKhuyenMai, MoTa, NgayBatDau, NgayKetThuc, PhanTramGiamGia) VALUES (N'KM014', N'Giảm giá 28%', '2025-01-04', '2025-09-20', '28');
INSERT INTO KhuyenMai (MaKhuyenMai, MoTa, NgayBatDau, NgayKetThuc, PhanTramGiamGia) VALUES (N'KM015', N'Giảm giá 30%', '2024-12-29', '2025-09-22', '30');
INSERT INTO KhuyenMai (MaKhuyenMai, MoTa, NgayBatDau, NgayKetThuc, PhanTramGiamGia) VALUES (N'KM016', N'Giảm giá 32%', '2025-05-16', '2025-10-05', '32');
INSERT INTO KhuyenMai (MaKhuyenMai, MoTa, NgayBatDau, NgayKetThuc, PhanTramGiamGia) VALUES (N'KM017', N'Giảm giá 34%', '2025-03-22', '2025-10-28', '34');
INSERT INTO KhuyenMai (MaKhuyenMai, MoTa, NgayBatDau, NgayKetThuc, PhanTramGiamGia) VALUES (N'KM018', N'Giảm giá 36%', '2025-03-14', '2025-11-11', '36');
INSERT INTO KhuyenMai (MaKhuyenMai, MoTa, NgayBatDau, NgayKetThuc, PhanTramGiamGia) VALUES (N'KM019', N'Giảm giá 38%', '2025-05-15', '2025-07-30', '38');
INSERT INTO KhuyenMai (MaKhuyenMai, MoTa, NgayBatDau, NgayKetThuc, PhanTramGiamGia) VALUES (N'KM020', N'Giảm giá 40%', '2025-04-01', '2025-07-10', '40');
INSERT INTO KhuyenMai (MaKhuyenMai, MoTa, NgayBatDau, NgayKetThuc, PhanTramGiamGia) VALUES (N'KM021', N'Giảm giá 42%', '2025-03-13', '2025-06-18', '42');
INSERT INTO KhuyenMai (MaKhuyenMai, MoTa, NgayBatDau, NgayKetThuc, PhanTramGiamGia) VALUES (N'KM022', N'Giảm giá 44%', '2024-12-20', '2025-07-31', '44');
INSERT INTO KhuyenMai (MaKhuyenMai, MoTa, NgayBatDau, NgayKetThuc, PhanTramGiamGia) VALUES (N'KM023', N'Giảm giá 46%', '2025-01-04', '2025-08-23', '46');
INSERT INTO KhuyenMai (MaKhuyenMai, MoTa, NgayBatDau, NgayKetThuc, PhanTramGiamGia) VALUES (N'KM024', N'Giảm giá 48%', '2025-03-23', '2025-09-17', '48');
INSERT INTO KhuyenMai (MaKhuyenMai, MoTa, NgayBatDau, NgayKetThuc, PhanTramGiamGia) VALUES (N'KM025', N'Giảm giá 50%', '2025-03-27', '2025-11-05', '50');
INSERT INTO KhuyenMai (MaKhuyenMai, MoTa, NgayBatDau, NgayKetThuc, PhanTramGiamGia) VALUES (N'KM026', N'Giảm giá 52%', '2025-04-02', '2025-11-19', '52');
INSERT INTO KhuyenMai (MaKhuyenMai, MoTa, NgayBatDau, NgayKetThuc, PhanTramGiamGia) VALUES (N'KM027', N'Giảm giá 54%', '2025-02-23', '2025-08-28', '54');
INSERT INTO KhuyenMai (MaKhuyenMai, MoTa, NgayBatDau, NgayKetThuc, PhanTramGiamGia) VALUES (N'KM028', N'Giảm giá 56%', '2024-12-31', '2025-08-25', '56');
INSERT INTO KhuyenMai (MaKhuyenMai, MoTa, NgayBatDau, NgayKetThuc, PhanTramGiamGia) VALUES (N'KM029', N'Giảm giá 58%', '2025-01-24', '2025-06-13', '58');
INSERT INTO KhuyenMai (MaKhuyenMai, MoTa, NgayBatDau, NgayKetThuc, PhanTramGiamGia) VALUES (N'KM030', N'Giảm giá 60%', '2025-04-04', '2025-10-22', '60');
INSERT INTO KhuyenMai (MaKhuyenMai, MoTa, NgayBatDau, NgayKetThuc, PhanTramGiamGia) VALUES (N'KM031', N'Giảm giá 62%', '2025-05-25', '2025-06-07', '62');
INSERT INTO KhuyenMai (MaKhuyenMai, MoTa, NgayBatDau, NgayKetThuc, PhanTramGiamGia) VALUES (N'KM032', N'Giảm giá 64%', '2025-05-03', '2025-09-10', '64');
INSERT INTO KhuyenMai (MaKhuyenMai, MoTa, NgayBatDau, NgayKetThuc, PhanTramGiamGia) VALUES (N'KM033', N'Giảm giá 66%', '2024-12-15', '2025-11-13', '66');
INSERT INTO KhuyenMai (MaKhuyenMai, MoTa, NgayBatDau, NgayKetThuc, PhanTramGiamGia) VALUES (N'KM034', N'Giảm giá 68%', '2025-03-28', '2025-10-05', '68');
INSERT INTO KhuyenMai (MaKhuyenMai, MoTa, NgayBatDau, NgayKetThuc, PhanTramGiamGia) VALUES (N'KM035', N'Giảm giá 70%', '2025-02-06', '2025-06-25', '70');
INSERT INTO KhuyenMai (MaKhuyenMai, MoTa, NgayBatDau, NgayKetThuc, PhanTramGiamGia) VALUES (N'KM036', N'Giảm giá 72%', '2025-02-17', '2025-06-17', '72');
INSERT INTO KhuyenMai (MaKhuyenMai, MoTa, NgayBatDau, NgayKetThuc, PhanTramGiamGia) VALUES (N'KM037', N'Giảm giá 74%', '2024-12-13', '2025-07-13', '74');
INSERT INTO KhuyenMai (MaKhuyenMai, MoTa, NgayBatDau, NgayKetThuc, PhanTramGiamGia) VALUES (N'KM038', N'Giảm giá 76%', '2025-02-19', '2025-09-30', '76');
INSERT INTO KhuyenMai (MaKhuyenMai, MoTa, NgayBatDau, NgayKetThuc, PhanTramGiamGia) VALUES (N'KM039', N'Giảm giá 78%', '2025-02-07', '2025-10-01', '78');
INSERT INTO KhuyenMai (MaKhuyenMai, MoTa, NgayBatDau, NgayKetThuc, PhanTramGiamGia) VALUES (N'KM040', N'Giảm giá 80%', '2025-04-22', '2025-07-05', '80');
INSERT INTO KhuyenMai (MaKhuyenMai, MoTa, NgayBatDau, NgayKetThuc, PhanTramGiamGia) VALUES (N'KM041', N'Giảm giá 82%', '2025-05-04', '2025-09-30', '82');
INSERT INTO KhuyenMai (MaKhuyenMai, MoTa, NgayBatDau, NgayKetThuc, PhanTramGiamGia) VALUES (N'KM042', N'Giảm giá 84%', '2025-03-23', '2025-08-15', '84');
INSERT INTO KhuyenMai (MaKhuyenMai, MoTa, NgayBatDau, NgayKetThuc, PhanTramGiamGia) VALUES (N'KM043', N'Giảm giá 86%', '2024-12-04', '2025-07-13', '86');
INSERT INTO KhuyenMai (MaKhuyenMai, MoTa, NgayBatDau, NgayKetThuc, PhanTramGiamGia) VALUES (N'KM044', N'Giảm giá 88%', '2024-12-28', '2025-09-27', '88');
INSERT INTO KhuyenMai (MaKhuyenMai, MoTa, NgayBatDau, NgayKetThuc, PhanTramGiamGia) VALUES (N'KM045', N'Giảm giá 90%', '2024-12-24', '2025-08-01', '90');
INSERT INTO KhuyenMai (MaKhuyenMai, MoTa, NgayBatDau, NgayKetThuc, PhanTramGiamGia) VALUES (N'KM046', N'Giảm giá 92%', '2025-04-01', '2025-10-05', '92');
INSERT INTO KhuyenMai (MaKhuyenMai, MoTa, NgayBatDau, NgayKetThuc, PhanTramGiamGia) VALUES (N'KM047', N'Giảm giá 94%', '2024-12-24', '2025-06-17', '94');
INSERT INTO KhuyenMai (MaKhuyenMai, MoTa, NgayBatDau, NgayKetThuc, PhanTramGiamGia) VALUES (N'KM048', N'Giảm giá 96%', '2025-03-22', '2025-11-12', '96');
INSERT INTO KhuyenMai (MaKhuyenMai, MoTa, NgayBatDau, NgayKetThuc, PhanTramGiamGia) VALUES (N'KM049', N'Giảm giá 98%', '2025-02-04', '2025-11-13', '98');
INSERT INTO KhuyenMai (MaKhuyenMai, MoTa, NgayBatDau, NgayKetThuc, PhanTramGiamGia) VALUES (N'KM050', N'Giảm giá 100%', '2024-12-12', '2025-10-15', '100');
--Inset Sach
INSERT INTO Sach (MaSach, TieuDe, GiaBia, MoTa, LanTaiBan, NamXuatBan, MaNXB, TinhTrang, SoLuongTon)
VALUES (N'S0001', N'Đất rừng phương Nam', 154000, N'Truyện dài nổi tiếng về miền Tây Nam Bộ, giàu chất nhân văn', 3, 2018, N'NXB001', N'Còn hàng', 56);
INSERT INTO Sach (MaSach, TieuDe, GiaBia, MoTa, LanTaiBan, NamXuatBan, MaNXB, TinhTrang, SoLuongTon)
VALUES (N'S0002', N'Người lái đò sông Đà', 108500, N'Tập truyện ngắn phản ánh vẻ đẹp thiên nhiên và con người Tây Bắc', 2, 2020, N'NXB002', N'Còn hàng', 40);
INSERT INTO Sach (MaSach, TieuDe, GiaBia, MoTa, LanTaiBan, NamXuatBan, MaNXB, TinhTrang, SoLuongTon)
VALUES (N'S0003', N'Tôi thấy hoa vàng trên cỏ xanh', 132000, N'Tiểu thuyết tuổi thơ, trong trẻo, cảm động, lấy bối cảnh làng quê Việt', 1, 2017, N'NXB003', N'Còn hàng', 35);
INSERT INTO Sach (MaSach, TieuDe, GiaBia, MoTa, LanTaiBan, NamXuatBan, MaNXB, TinhTrang, SoLuongTon)
VALUES (N'S0004', N'Dế mèn phiêu lưu ký', 98000, N'Câu chuyện phiêu lưu hấp dẫn, giàu trí tưởng tượng cho thiếu nhi', 5, 2019, N'NXB004', N'Còn hàng', 75);
INSERT INTO Sach (MaSach, TieuDe, GiaBia, MoTa, LanTaiBan, NamXuatBan, MaNXB, TinhTrang, SoLuongTon)
VALUES (N'S0005', N'Lão Hạc', 87000, N'Truyện ngắn cảm động về số phận người nông dân Việt Nam xưa', 2, 2016, N'NXB005', N'Hết hàng', 0);
INSERT INTO Sach (MaSach, TieuDe, GiaBia, MoTa, LanTaiBan, NamXuatBan, MaNXB, TinhTrang, SoLuongTon)
VALUES (N'S0006', N'Chí Phèo', 95000, N'Truyện ngắn hiện thực phê phán sắc sảo của Nam Cao', 3, 2019, N'NXB006', N'Còn hàng', 20);
INSERT INTO Sach (MaSach, TieuDe, GiaBia, MoTa, LanTaiBan, NamXuatBan, MaNXB, TinhTrang, SoLuongTon)
VALUES (N'S0007', N'Số đỏ', 123000, N'Tác phẩm hài hước, châm biếm nổi tiếng của Vũ Trọng Phụng', 2, 2022, N'NXB007', N'Còn hàng', 33);
INSERT INTO Sach (MaSach, TieuDe, GiaBia, MoTa, LanTaiBan, NamXuatBan, MaNXB, TinhTrang, SoLuongTon)
VALUES (N'S0008', N'Tắt đèn', 109000, N'Truyện phản ánh thân phận người phụ nữ trong xã hội xưa', 1, 2017, N'NXB008', N'Còn hàng', 51);
INSERT INTO Sach (MaSach, TieuDe, GiaBia, MoTa, LanTaiBan, NamXuatBan, MaNXB, TinhTrang, SoLuongTon)
VALUES (N'S0009', N'Vợ nhặt', 102000, N'Câu chuyện xúc động về nạn đói năm 1945', 1, 2021, N'NXB009', N'Còn hàng', 26);
INSERT INTO Sach (MaSach, TieuDe, GiaBia, MoTa, LanTaiBan, NamXuatBan, MaNXB, TinhTrang, SoLuongTon)
VALUES (N'S0010', N'Tuổi thơ dữ dội', 129000, N'Truyện thiếu nhi cảm động về chiến tranh, lòng yêu nước', 4, 2018, N'NXB010', N'Còn hàng', 18);

INSERT INTO Sach (MaSach, TieuDe, GiaBia, MoTa, LanTaiBan, NamXuatBan, MaNXB, TinhTrang, SoLuongTon)
VALUES (N'S0011', N'Chiếc lược ngà', 105000, N'Truyện ngắn nhẹ nhàng về tình cha con', 3, 2017, N'NXB011', N'Còn hàng', 9);
INSERT INTO Sach (MaSach, TieuDe, GiaBia, MoTa, LanTaiBan, NamXuatBan, MaNXB, TinhTrang, SoLuongTon)
VALUES (N'S0012', N'Nhật ký Đặng Thùy Trâm', 112000, N'Nhật ký xúc động về người nữ bác sĩ trong chiến tranh', 2, 2018, N'NXB012', N'Còn hàng', 14);
INSERT INTO Sach (MaSach, TieuDe, GiaBia, MoTa, LanTaiBan, NamXuatBan, MaNXB, TinhTrang, SoLuongTon)
VALUES (N'S0013', N'Mắt biếc', 138000, N'Tiểu thuyết lãng mạn, nổi tiếng', 1, 2020, N'NXB013', N'Còn hàng', 22);
INSERT INTO Sach (MaSach, TieuDe, GiaBia, MoTa, LanTaiBan, NamXuatBan, MaNXB, TinhTrang, SoLuongTon)
VALUES (N'S0014', N'Cho tôi xin một vé đi tuổi thơ', 98000, N'Truyện dành cho tuổi thơ, mang nhiều triết lý sống', 2, 2021, N'NXB014', N'Còn hàng', 38);
INSERT INTO Sach (MaSach, TieuDe, GiaBia, MoTa, LanTaiBan, NamXuatBan, MaNXB, TinhTrang, SoLuongTon)
VALUES (N'S0015', N'Nỗi buồn chiến tranh', 123000, N'Tác phẩm về chiến tranh, số phận con người', 1, 2017, N'NXB015', N'Còn hàng', 13);
INSERT INTO Sach (MaSach, TieuDe, GiaBia, MoTa, LanTaiBan, NamXuatBan, MaNXB, TinhTrang, SoLuongTon)
VALUES (N'S0016', N'Truyện Kiều', 115000, N'Kiệt tác văn học Việt Nam', 5, 2022, N'NXB016', N'Còn hàng', 67);
INSERT INTO Sach (MaSach, TieuDe, GiaBia, MoTa, LanTaiBan, NamXuatBan, MaNXB, TinhTrang, SoLuongTon)
VALUES (N'S0017', N'Lục Vân Tiên', 112000, N'Truyện thơ truyền kỳ nổi tiếng', 2, 2020, N'NXB017', N'Còn hàng', 44);
INSERT INTO Sach (MaSach, TieuDe, GiaBia, MoTa, LanTaiBan, NamXuatBan, MaNXB, TinhTrang, SoLuongTon)
VALUES (N'S0018', N'Bắt trẻ đồng xanh', 125000, N'Tiểu thuyết nước ngoài được yêu thích tại Việt Nam', 1, 2015, N'NXB018', N'Còn hàng', 17);
INSERT INTO Sach (MaSach, TieuDe, GiaBia, MoTa, LanTaiBan, NamXuatBan, MaNXB, TinhTrang, SoLuongTon)
VALUES (N'S0019', N'Cánh đồng bất tận', 148000, N'Tác phẩm văn học hiện đại, lối viết trẻ trung', 1, 2023, N'NXB019', N'Còn hàng', 25);
INSERT INTO Sach (MaSach, TieuDe, GiaBia, MoTa, LanTaiBan, NamXuatBan, MaNXB, TinhTrang, SoLuongTon)
VALUES (N'S0020', N'Bông hồng vàng', 94000, N'Truyện cổ tích đầy ý nghĩa về tình yêu thương', 2, 2016, N'NXB020', N'Còn hàng', 30);
INSERT INTO Sach (MaSach, TieuDe, GiaBia, MoTa, LanTaiBan, NamXuatBan, MaNXB, TinhTrang, SoLuongTon)
VALUES (N'S0021', N'Tôi là Bêtô', 125000, N'Câu chuyện cảm động dành cho thiếu nhi', 2, 2021, N'NXB021', N'Còn hàng', 10);
INSERT INTO Sach (MaSach, TieuDe, GiaBia, MoTa, LanTaiBan, NamXuatBan, MaNXB, TinhTrang, SoLuongTon)
VALUES (N'S0022', N'Thời xa vắng', 153000, N'Tiểu thuyết phản ánh số phận con người sau chiến tranh', 1, 2022, N'NXB022', N'Còn hàng', 16);
INSERT INTO Sach (MaSach, TieuDe, GiaBia, MoTa, LanTaiBan, NamXuatBan, MaNXB, TinhTrang, SoLuongTon)
VALUES (N'S0023', N'Đừng nói với anh ấy tôi vẫn còn yêu', 105000, N'Truyện tình cảm hiện đại, nhẹ nhàng, sâu lắng', 2, 2016, N'NXB023', N'Còn hàng', 19);
INSERT INTO Sach (MaSach, TieuDe, GiaBia, MoTa, LanTaiBan, NamXuatBan, MaNXB, TinhTrang, SoLuongTon)
VALUES (N'S0024', N'Đi qua hoa cúc', 89000, N'Truyện ngắn giàu cảm xúc về tuổi học trò', 1, 2017, N'NXB024', N'Còn hàng', 22);
INSERT INTO Sach (MaSach, TieuDe, GiaBia, MoTa, LanTaiBan, NamXuatBan, MaNXB, TinhTrang, SoLuongTon)
VALUES (N'S0025', N'Giấc mơ có thật', 137000, N'Truyện ngắn tâm lý xã hội, nhân văn', 2, 2020, N'NXB025', N'Còn hàng', 5);
INSERT INTO Sach (MaSach, TieuDe, GiaBia, MoTa, LanTaiBan, NamXuatBan, MaNXB, TinhTrang, SoLuongTon)
VALUES (N'S0026', N'Hoa hồng xứ khác', 117000, N'Truyện ngắn tâm lý xã hội, nhẹ nhàng, sâu sắc', 2, 2021, N'NXB001', N'Còn hàng', 23);
INSERT INTO Sach (MaSach, TieuDe, GiaBia, MoTa, LanTaiBan, NamXuatBan, MaNXB, TinhTrang, SoLuongTon)
VALUES (N'S0027', N'Không gia đình', 159000, N'Tác phẩm kinh điển nước ngoài được yêu thích', 4, 2017, N'NXB002', N'Còn hàng', 13);
INSERT INTO Sach (MaSach, TieuDe, GiaBia, MoTa, LanTaiBan, NamXuatBan, MaNXB, TinhTrang, SoLuongTon)
VALUES (N'S0028', N'Nhà giả kim', 127000, N'Tiểu thuyết truyền cảm hứng nổi tiếng', 1, 2019, N'NXB003', N'Còn hàng', 42);
INSERT INTO Sach (MaSach, TieuDe, GiaBia, MoTa, LanTaiBan, NamXuatBan, MaNXB, TinhTrang, SoLuongTon)
VALUES (N'S0029', N'Những người khốn khổ', 137000, N'Tác phẩm nổi tiếng về số phận con người', 3, 2016, N'NXB004', N'Còn hàng', 31);
INSERT INTO Sach (MaSach, TieuDe, GiaBia, MoTa, LanTaiBan, NamXuatBan, MaNXB, TinhTrang, SoLuongTon)
VALUES (N'S0030', N'Ông già và biển cả', 99000, N'Truyện ngắn kinh điển nước ngoài', 1, 2018, N'NXB005', N'Còn hàng', 12);
INSERT INTO Sach (MaSach, TieuDe, GiaBia, MoTa, LanTaiBan, NamXuatBan, MaNXB, TinhTrang, SoLuongTon)
VALUES (N'S0031', N'Rừng Nauy', 149000, N'Tiểu thuyết hiện đại, sâu lắng về tình yêu và tuổi trẻ', 1, 2020, N'NXB006', N'Còn hàng', 18);
INSERT INTO Sach (MaSach, TieuDe, GiaBia, MoTa, LanTaiBan, NamXuatBan, MaNXB, TinhTrang, SoLuongTon)
VALUES (N'S0032', N'Tôi thấy ma', 114000, N'Truyện ngắn tâm linh, kịch tính, hấp dẫn', 2, 2019, N'NXB007', N'Còn hàng', 17);
INSERT INTO Sach (MaSach, TieuDe, GiaBia, MoTa, LanTaiBan, NamXuatBan, MaNXB, TinhTrang, SoLuongTon)
VALUES (N'S0033', N'Hành trình về phương Đông', 127000, N'Sách khám phá tâm linh, triết lý sống phương Đông', 1, 2016, N'NXB008', N'Còn hàng', 21);
INSERT INTO Sach (MaSach, TieuDe, GiaBia, MoTa, LanTaiBan, NamXuatBan, MaNXB, TinhTrang, SoLuongTon)
VALUES (N'S0034', N'Vì sao đưa bạn tới', 111000, N'Truyện giả tưởng vui nhộn, sáng tạo cho tuổi teen', 1, 2022, N'NXB009', N'Còn hàng', 15);
INSERT INTO Sach (MaSach, TieuDe, GiaBia, MoTa, LanTaiBan, NamXuatBan, MaNXB, TinhTrang, SoLuongTon)
VALUES (N'S0035', N'Tiệm tạp hóa Namiya', 119000, N'Tiểu thuyết nổi tiếng về giá trị của lòng tốt', 2, 2019, N'NXB010', N'Còn hàng', 20);
INSERT INTO Sach (MaSach, TieuDe, GiaBia, MoTa, LanTaiBan, NamXuatBan, MaNXB, TinhTrang, SoLuongTon)
VALUES (N'S0036', N'Totto-chan bên cửa sổ', 138000, N'Hồi ký thiếu nhi ý nghĩa, cảm động', 3, 2018, N'NXB011', N'Còn hàng', 32);
INSERT INTO Sach (MaSach, TieuDe, GiaBia, MoTa, LanTaiBan, NamXuatBan, MaNXB, TinhTrang, SoLuongTon)
VALUES (N'S0037', N'Em sẽ đến cùng cơn mưa', 129000, N'Truyện tình cảm nhẹ nhàng, xúc động', 2, 2017, N'NXB012', N'Còn hàng', 13);
INSERT INTO Sach (MaSach, TieuDe, GiaBia, MoTa, LanTaiBan, NamXuatBan, MaNXB, TinhTrang, SoLuongTon)
VALUES (N'S0038', N'Mình sinh ra đâu phải để buồn', 113000, N'Sách phát triển bản thân, truyền cảm hứng sống tích cực', 1, 2021, N'NXB013', N'Còn hàng', 27);
INSERT INTO Sach (MaSach, TieuDe, GiaBia, MoTa, LanTaiBan, NamXuatBan, MaNXB, TinhTrang, SoLuongTon)
VALUES (N'S0039', N'Nhà có năm anh em trai', 119000, N'Truyện gia đình vui nhộn, tình cảm', 1, 2015, N'NXB014', N'Còn hàng', 6);
INSERT INTO Sach (MaSach, TieuDe, GiaBia, MoTa, LanTaiBan, NamXuatBan, MaNXB, TinhTrang, SoLuongTon)
VALUES (N'S0040', N'Trước ngày em đến', 144000, N'Truyện lãng mạn hiện đại nổi tiếng', 2, 2016, N'NXB015', N'Còn hàng', 21);

INSERT INTO Sach (MaSach, TieuDe, GiaBia, MoTa, LanTaiBan, NamXuatBan, MaNXB, TinhTrang, SoLuongTon)
VALUES (N'S0041', N'Đừng chết vì yêu', 125000, N'Sách kỹ năng sống, dành cho giới trẻ', 1, 2018, N'NXB016', N'Còn hàng', 12);
INSERT INTO Sach (MaSach, TieuDe, GiaBia, MoTa, LanTaiBan, NamXuatBan, MaNXB, TinhTrang, SoLuongTon)
VALUES (N'S0042', N'Gửi thời thanh xuân', 99000, N'Truyện ngắn tuổi trẻ, nhiều suy ngẫm', 1, 2022, N'NXB017', N'Còn hàng', 9);
INSERT INTO Sach (MaSach, TieuDe, GiaBia, MoTa, LanTaiBan, NamXuatBan, MaNXB, TinhTrang, SoLuongTon)
VALUES (N'S0043', N'Yêu là đủ', 102000, N'Truyện tình cảm nhẹ nhàng', 1, 2017, N'NXB018', N'Còn hàng', 18);
INSERT INTO Sach (MaSach, TieuDe, GiaBia, MoTa, LanTaiBan, NamXuatBan, MaNXB, TinhTrang, SoLuongTon)
VALUES (N'S0044', N'Tháng năm rực rỡ', 131000, N'Truyện học trò, thanh xuân đầy kỷ niệm', 2, 2021, N'NXB019', N'Còn hàng', 14);
INSERT INTO Sach (MaSach, TieuDe, GiaBia, MoTa, LanTaiBan, NamXuatBan, MaNXB, TinhTrang, SoLuongTon)
VALUES (N'S0045', N'Ngày trôi về phía cũ', 90000, N'Truyện ngắn cảm động về tuổi già', 1, 2019, N'NXB020', N'Còn hàng', 21);
INSERT INTO Sach (MaSach, TieuDe, GiaBia, MoTa, LanTaiBan, NamXuatBan, MaNXB, TinhTrang, SoLuongTon)
VALUES (N'S0046', N'Giá như có ai đó đợi tôi ở nơi cuối con đường', 149000, N'Truyện ngắn tâm lý, lãng mạn', 2, 2018, N'NXB021', N'Còn hàng', 25);
INSERT INTO Sach (MaSach, TieuDe, GiaBia, MoTa, LanTaiBan, NamXuatBan, MaNXB, TinhTrang, SoLuongTon)
VALUES (N'S0047', N'Trái tim của Bụt', 97000, N'Truyện Phật giáo nhẹ nhàng, sâu lắng', 1, 2016, N'NXB022', N'Còn hàng', 12);
INSERT INTO Sach (MaSach, TieuDe, GiaBia, MoTa, LanTaiBan, NamXuatBan, MaNXB, TinhTrang, SoLuongTon)
VALUES (N'S0048', N'Bước chậm lại giữa thế gian vội vã', 128000, N'Sách kỹ năng sống giúp cân bằng tâm hồn', 2, 2022, N'NXB023', N'Còn hàng', 10);
INSERT INTO Sach (MaSach, TieuDe, GiaBia, MoTa, LanTaiBan, NamXuatBan, MaNXB, TinhTrang, SoLuongTon)
VALUES (N'S0049', N'Nghệ thuật tinh tế của việc đếch quan tâm', 111000, N'Sách phát triển bản thân được yêu thích', 1, 2019, N'NXB024', N'Còn hàng', 18);
INSERT INTO Sach (MaSach, TieuDe, GiaBia, MoTa, LanTaiBan, NamXuatBan, MaNXB, TinhTrang, SoLuongTon)
VALUES (N'S0050', N'Đi tìm lẽ sống', 136000, N'Sách truyền cảm hứng, nổi tiếng thế giới', 3, 2020, N'NXB025', N'Còn hàng', 20);

INSERT INTO Sach (MaSach, TieuDe, GiaBia, MoTa, LanTaiBan, NamXuatBan, MaNXB, TinhTrang, SoLuongTon)
VALUES (N'S0051', N'Bố già', 155000, N'Tiểu thuyết kinh điển nước ngoài được yêu thích', 2, 2015, N'NXB001', N'Còn hàng', 15);
INSERT INTO Sach (MaSach, TieuDe, GiaBia, MoTa, LanTaiBan, NamXuatBan, MaNXB, TinhTrang, SoLuongTon)
VALUES (N'S0052', N'Sống như ngày mai sẽ chết', 125000, N'Sách truyền cảm hứng, dành cho giới trẻ', 1, 2018, N'NXB002', N'Còn hàng', 7);
INSERT INTO Sach (MaSach, TieuDe, GiaBia, MoTa, LanTaiBan, NamXuatBan, MaNXB, TinhTrang, SoLuongTon)
VALUES (N'S0053', N'Đời ngắn đừng ngủ dài', 121000, N'Sách phát triển bản thân, thay đổi tư duy sống', 1, 2021, N'NXB003', N'Còn hàng', 9);
INSERT INTO Sach (MaSach, TieuDe, GiaBia, MoTa, LanTaiBan, NamXuatBan, MaNXB, TinhTrang, SoLuongTon)
VALUES (N'S0054', N'Sapiens - Lược sử loài người', 162000, N'Sách khoa học, lịch sử thế giới', 2, 2022, N'NXB004', N'Còn hàng', 15);
INSERT INTO Sach (MaSach, TieuDe, GiaBia, MoTa, LanTaiBan, NamXuatBan, MaNXB, TinhTrang, SoLuongTon)
VALUES (N'S0055', N'Bí mật của nước', 119000, N'Sách khám phá khoa học về nước', 1, 2019, N'NXB005', N'Còn hàng', 13);
INSERT INTO Sach (MaSach, TieuDe, GiaBia, MoTa, LanTaiBan, NamXuatBan, MaNXB, TinhTrang, SoLuongTon)
VALUES (N'S0056', N'Đắc nhân tâm', 138000, N'Sách dạy kỹ năng giao tiếp kinh điển', 4, 2018, N'NXB006', N'Còn hàng', 19);
INSERT INTO Sach (MaSach, TieuDe, GiaBia, MoTa, LanTaiBan, NamXuatBan, MaNXB, TinhTrang, SoLuongTon)
VALUES (N'S0057', N'Quẳng gánh lo đi và vui sống', 98000, N'Sách dạy cách sống lạc quan', 2, 2017, N'NXB007', N'Còn hàng', 20);
INSERT INTO Sach (MaSach, TieuDe, GiaBia, MoTa, LanTaiBan, NamXuatBan, MaNXB, TinhTrang, SoLuongTon)
VALUES (N'S0058', N'Đọc vị bất kỳ ai', 122000, N'Sách kỹ năng giao tiếp, đọc hiểu con người', 1, 2020, N'NXB008', N'Còn hàng', 10);
INSERT INTO Sach (MaSach, TieuDe, GiaBia, MoTa, LanTaiBan, NamXuatBan, MaNXB, TinhTrang, SoLuongTon)
VALUES (N'S0059', N'Tuổi trẻ đáng giá bao nhiêu', 118000, N'Sách truyền động lực dành cho người trẻ', 3, 2019, N'NXB009', N'Còn hàng', 8);
INSERT INTO Sach (MaSach, TieuDe, GiaBia, MoTa, LanTaiBan, NamXuatBan, MaNXB, TinhTrang, SoLuongTon)
VALUES (N'S0060', N'Trên đường băng', 107000, N'Tập tản văn trẻ trung, sâu sắc', 2, 2020, N'NXB010', N'Còn hàng', 17);

INSERT INTO Sach (MaSach, TieuDe, GiaBia, MoTa, LanTaiBan, NamXuatBan, MaNXB, TinhTrang, SoLuongTon)
VALUES (N'S0061', N'Đi qua thương nhớ', 99000, N'Tập thơ về tuổi trẻ và ký ức', 1, 2021, N'NXB011', N'Còn hàng', 13);
INSERT INTO Sach (MaSach, TieuDe, GiaBia, MoTa, LanTaiBan, NamXuatBan, MaNXB, TinhTrang, SoLuongTon)
VALUES (N'S0062', N'Vết sẹo cuộc đời', 115000, N'Truyện ngắn về nghị lực vượt qua khó khăn', 1, 2015, N'NXB012', N'Còn hàng', 18);
INSERT INTO Sach (MaSach, TieuDe, GiaBia, MoTa, LanTaiBan, NamXuatBan, MaNXB, TinhTrang, SoLuongTon)
VALUES (N'S0063', N'Nếu chỉ còn một ngày để sống', 101000, N'Sách truyền cảm hứng về cuộc sống', 1, 2016, N'NXB013', N'Còn hàng', 12);
INSERT INTO Sach (MaSach, TieuDe, GiaBia, MoTa, LanTaiBan, NamXuatBan, MaNXB, TinhTrang, SoLuongTon)
VALUES (N'S0064', N'Hạt giống tâm hồn', 131000, N'Truyện ngắn truyền cảm hứng, bài học sống', 4, 2018, N'NXB014', N'Còn hàng', 17);
INSERT INTO Sach (MaSach, TieuDe, GiaBia, MoTa, LanTaiBan, NamXuatBan, MaNXB, TinhTrang, SoLuongTon)
VALUES (N'S0065', N'Tôi tài giỏi bạn cũng thế', 109000, N'Sách phát triển bản thân, hướng dẫn học tập hiệu quả', 1, 2017, N'NXB015', N'Còn hàng', 25);
INSERT INTO Sach (MaSach, TieuDe, GiaBia, MoTa, LanTaiBan, NamXuatBan, MaNXB, TinhTrang, SoLuongTon)
VALUES (N'S0066', N'Cà phê cùng Tony', 118000, N'Tập tản văn hài hước, sâu sắc, truyền cảm hứng', 2, 2018, N'NXB016', N'Còn hàng', 21);
INSERT INTO Sach (MaSach, TieuDe, GiaBia, MoTa, LanTaiBan, NamXuatBan, MaNXB, TinhTrang, SoLuongTon)
VALUES (N'S0067', N'Thất tình không sao', 115000, N'Sách tâm lý, giúp vượt qua thất tình', 1, 2015, N'NXB017', N'Còn hàng', 14);
INSERT INTO Sach (MaSach, TieuDe, GiaBia, MoTa, LanTaiBan, NamXuatBan, MaNXB, TinhTrang, SoLuongTon)
VALUES (N'S0068', N'Muôn kiếp nhân sinh', 142000, N'Sách tâm linh, triết lý nhân quả', 3, 2017, N'NXB018', N'Còn hàng', 18);
INSERT INTO Sach (MaSach, TieuDe, GiaBia, MoTa, LanTaiBan, NamXuatBan, MaNXB, TinhTrang, SoLuongTon)
VALUES (N'S0069', N'Chuyện con mèo dạy hải âu bay', 103000, N'Truyện thiếu nhi, bài học về tình bạn', 1, 2020, N'NXB019', N'Còn hàng', 16);
INSERT INTO Sach (MaSach, TieuDe, GiaBia, MoTa, LanTaiBan, NamXuatBan, MaNXB, TinhTrang, SoLuongTon)
VALUES (N'S0070', N'Đường mây qua xứ tuyết', 108000, N'Sách du ký, khám phá văn hóa Phật giáo Tây Tạng', 2, 2018, N'NXB020', N'Còn hàng', 7);

INSERT INTO Sach (MaSach, TieuDe, GiaBia, MoTa, LanTaiBan, NamXuatBan, MaNXB, TinhTrang, SoLuongTon)
VALUES (N'S0071', N'Mẹ yêu con', 122000, N'Truyện thiếu nhi về tình mẫu tử', 1, 2021, N'NXB021', N'Còn hàng', 14);
INSERT INTO Sach (MaSach, TieuDe, GiaBia, MoTa, LanTaiBan, NamXuatBan, MaNXB, TinhTrang, SoLuongTon)
VALUES (N'S0072', N'Đời thay đổi khi chúng ta thay đổi', 117000, N'Sách phát triển bản thân, truyền động lực', 2, 2017, N'NXB022', N'Còn hàng', 8);
INSERT INTO Sach (MaSach, TieuDe, GiaBia, MoTa, LanTaiBan, NamXuatBan, MaNXB, TinhTrang, SoLuongTon)
VALUES (N'S0073', N'Dẫn dắt con tim', 134000, N'Sách tâm lý, hướng dẫn kiểm soát cảm xúc', 1, 2016, N'NXB023', N'Còn hàng', 17);
INSERT INTO Sach (MaSach, TieuDe, GiaBia, MoTa, LanTaiBan, NamXuatBan, MaNXB, TinhTrang, SoLuongTon)
VALUES (N'S0074', N'Sống đơn giản cho mình thanh thản', 111000, N'Sách giúp giảm căng thẳng, áp lực cuộc sống', 1, 2018, N'NXB024', N'Còn hàng', 10);
INSERT INTO Sach (MaSach, TieuDe, GiaBia, MoTa, LanTaiBan, NamXuatBan, MaNXB, TinhTrang, SoLuongTon)
VALUES (N'S0075', N'Đừng lựa chọn an nhàn khi còn trẻ', 139000, N'Sách truyền cảm hứng sống tích cực', 2, 2019, N'NXB025', N'Còn hàng', 18);
INSERT INTO Sach (MaSach, TieuDe, GiaBia, MoTa, LanTaiBan, NamXuatBan, MaNXB, TinhTrang, SoLuongTon)
VALUES (N'S0076', N'Rồi một ngày cuộc sống hóa hư vô', 128000, N'Truyện ngắn triết lý sâu sắc', 1, 2022, N'NXB001', N'Còn hàng', 9);
INSERT INTO Sach (MaSach, TieuDe, GiaBia, MoTa, LanTaiBan, NamXuatBan, MaNXB, TinhTrang, SoLuongTon)
VALUES (N'S0077', N'Hạnh phúc do bạn lựa chọn', 115000, N'Sách truyền động lực và tư duy tích cực', 1, 2015, N'NXB002', N'Còn hàng', 13);
INSERT INTO Sach (MaSach, TieuDe, GiaBia, MoTa, LanTaiBan, NamXuatBan, MaNXB, TinhTrang, SoLuongTon)
VALUES (N'S0078', N'Bí quyết thành công', 131000, N'Sách kỹ năng phát triển bản thân', 3, 2017, N'NXB003', N'Còn hàng', 16);
INSERT INTO Sach (MaSach, TieuDe, GiaBia, MoTa, LanTaiBan, NamXuatBan, MaNXB, TinhTrang, SoLuongTon)
VALUES (N'S0079', N'Truyện cười dân gian Việt Nam', 91000, N'Truyện cười, giải trí, đậm bản sắc Việt', 2, 2016, N'NXB004', N'Còn hàng', 25);
INSERT INTO Sach (MaSach, TieuDe, GiaBia, MoTa, LanTaiBan, NamXuatBan, MaNXB, TinhTrang, SoLuongTon)
VALUES (N'S0080', N'Tấm Cám', 90000, N'Truyện cổ tích nổi tiếng Việt Nam', 1, 2019, N'NXB005', N'Còn hàng', 18);

INSERT INTO Sach (MaSach, TieuDe, GiaBia, MoTa, LanTaiBan, NamXuatBan, MaNXB, TinhTrang, SoLuongTon)
VALUES (N'S0081', N'Cây tre trăm đốt', 87000, N'Truyện cổ tích, ý nghĩa nhân văn sâu sắc', 2, 2021, N'NXB006', N'Còn hàng', 9);
INSERT INTO Sach (MaSach, TieuDe, GiaBia, MoTa, LanTaiBan, NamXuatBan, MaNXB, TinhTrang, SoLuongTon)
VALUES (N'S0082', N'Chú Cuội cung trăng', 92000, N'Truyện thiếu nhi, bài học về lòng trung thực', 1, 2022, N'NXB007', N'Còn hàng', 12);
INSERT INTO Sach (MaSach, TieuDe, GiaBia, MoTa, LanTaiBan, NamXuatBan, MaNXB, TinhTrang, SoLuongTon)
VALUES (N'S0083', N'Sự tích trầu cau', 98000, N'Truyện cổ tích, giá trị văn hóa truyền thống', 3, 2018, N'NXB008', N'Còn hàng', 17);
INSERT INTO Sach (MaSach, TieuDe, GiaBia, MoTa, LanTaiBan, NamXuatBan, MaNXB, TinhTrang, SoLuongTon)
VALUES (N'S0084', N'Sự tích cây vú sữa', 92000, N'Truyện cổ tích về tình mẫu tử thiêng liêng', 2, 2020, N'NXB009', N'Còn hàng', 20);
INSERT INTO Sach (MaSach, TieuDe, GiaBia, MoTa, LanTaiBan, NamXuatBan, MaNXB, TinhTrang, SoLuongTon)
VALUES (N'S0085', N'Cô bé Lọ Lem', 97000, N'Truyện cổ tích nổi tiếng thế giới', 1, 2016, N'NXB010', N'Còn hàng', 15);
INSERT INTO Sach (MaSach, TieuDe, GiaBia, MoTa, LanTaiBan, NamXuatBan, MaNXB, TinhTrang, SoLuongTon)
VALUES (N'S0086', N'Aladin và cây đèn thần', 99000, N'Truyện cổ tích hấp dẫn cho thiếu nhi', 2, 2017, N'NXB011', N'Còn hàng', 12);
INSERT INTO Sach (MaSach, TieuDe, GiaBia, MoTa, LanTaiBan, NamXuatBan, MaNXB, TinhTrang, SoLuongTon)
VALUES (N'S0087', N'Truyện dân gian Việt Nam', 117000, N'Tập hợp những câu chuyện dân gian đặc sắc', 3, 2018, N'NXB012', N'Còn hàng', 13);
INSERT INTO Sach (MaSach, TieuDe, GiaBia, MoTa, LanTaiBan, NamXuatBan, MaNXB, TinhTrang, SoLuongTon)
VALUES (N'S0088', N'Chuyện kể Bác Hồ', 112000, N'Truyện kể về cuộc đời và tấm gương của Bác Hồ', 2, 2019, N'NXB013', N'Còn hàng', 11);
INSERT INTO Sach (MaSach, TieuDe, GiaBia, MoTa, LanTaiBan, NamXuatBan, MaNXB, TinhTrang, SoLuongTon)
VALUES (N'S0089', N'Vàng Anh và Phượng Hoàng', 97000, N'Truyện cổ tích, bài học về lòng hiếu thảo', 1, 2017, N'NXB014', N'Còn hàng', 10);
INSERT INTO Sach (MaSach, TieuDe, GiaBia, MoTa, LanTaiBan, NamXuatBan, MaNXB, TinhTrang, SoLuongTon)
VALUES (N'S0090', N'Con rồng cháu tiên', 98000, N'Truyện cổ tích nguồn gốc dân tộc Việt Nam', 2, 2022, N'NXB015', N'Còn hàng', 22);

INSERT INTO Sach (MaSach, TieuDe, GiaBia, MoTa, LanTaiBan, NamXuatBan, MaNXB, TinhTrang, SoLuongTon)
VALUES (N'S0091', N'Trạng Quỳnh', 111000, N'Truyện hài hước, thông minh, đậm chất dân gian Việt', 1, 2015, N'NXB016', N'Còn hàng', 18);
INSERT INTO Sach (MaSach, TieuDe, GiaBia, MoTa, LanTaiBan, NamXuatBan, MaNXB, TinhTrang, SoLuongTon)
VALUES (N'S0092', N'Chí Tài phiêu lưu ký', 105000, N'Truyện phiêu lưu hấp dẫn, vui nhộn', 1, 2018, N'NXB017', N'Còn hàng', 17);
INSERT INTO Sach (MaSach, TieuDe, GiaBia, MoTa, LanTaiBan, NamXuatBan, MaNXB, TinhTrang, SoLuongTon)
VALUES (N'S0093', N'Sát thủ đầu mưng mủ', 101000, N'Truyện tranh hài hước, châm biếm', 2, 2021, N'NXB018', N'Còn hàng', 15);
INSERT INTO Sach (MaSach, TieuDe, GiaBia, MoTa, LanTaiBan, NamXuatBan, MaNXB, TinhTrang, SoLuongTon)
VALUES (N'S0094', N'Một thoáng ta rực rỡ ở nhân gian', 149000, N'Tập thơ hiện đại, nhiều cảm xúc', 1, 2019, N'NXB019', N'Còn hàng', 9);
INSERT INTO Sach (MaSach, TieuDe, GiaBia, MoTa, LanTaiBan, NamXuatBan, MaNXB, TinhTrang, SoLuongTon)
VALUES (N'S0095', N'Truyền thuyết Lạc Long Quân', 109000, N'Truyện truyền thuyết Việt Nam', 2, 2018, N'NXB020', N'Còn hàng', 11);
INSERT INTO Sach (MaSach, TieuDe, GiaBia, MoTa, LanTaiBan, NamXuatBan, MaNXB, TinhTrang, SoLuongTon)
VALUES (N'S0096', N'Hồn Trương Ba, da hàng thịt', 98000, N'Vở kịch nổi tiếng của Lưu Quang Vũ', 1, 2020, N'NXB021', N'Còn hàng', 15);
INSERT INTO Sach (MaSach, TieuDe, GiaBia, MoTa, LanTaiBan, NamXuatBan, MaNXB, TinhTrang, SoLuongTon)
VALUES (N'S0097', N'Người mẹ cầm súng', 104000, N'Truyện chiến tranh cách mạng cảm động', 1, 2016, N'NXB022', N'Còn hàng', 10);
INSERT INTO Sach (MaSach, TieuDe, GiaBia, MoTa, LanTaiBan, NamXuatBan, MaNXB, TinhTrang, SoLuongTon)
VALUES (N'S0098', N'Cây bút thần', 87000, N'Truyện thiếu nhi nổi tiếng về trí tuệ', 1, 2017, N'NXB023', N'Còn hàng', 8);
INSERT INTO Sach (MaSach, TieuDe, GiaBia, MoTa, LanTaiBan, NamXuatBan, MaNXB, TinhTrang, SoLuongTon)
VALUES (N'S0099', N'Cậu bé thông minh', 90000, N'Truyện cổ tích, giáo dục trí thông minh', 1, 2018, N'NXB024', N'Còn hàng', 10);
INSERT INTO Sach (MaSach, TieuDe, GiaBia, MoTa, LanTaiBan, NamXuatBan, MaNXB, TinhTrang, SoLuongTon)
VALUES (N'S0100', N'Giấc mơ của Suzy', 114000, N'Truyện thiếu nhi về ước mơ và nghị lực sống', 1, 2021, N'NXB025', N'Còn hàng', 12);

-- Hoa Don
SET IDENTITY_INSERT HoaDon ON;
INSERT INTO HoaDon (MaHD, NgayLap, TongTien, TrangThai, MaKH, MaNV, MaKhuyenMai, TongGiam) VALUES (1, '2024-06-09', 6140302, N'Chờ thanh toán', 'KH062', 'NV004', NULL, 0);
INSERT INTO HoaDon (MaHD, NgayLap, TongTien, TrangThai, MaKH, MaNV, MaKhuyenMai, TongGiam) VALUES (2, '2024-06-05', 2330766, N'Đã thanh toán', 'KH014', 'NV083', 'KM002', 93231);
INSERT INTO HoaDon (MaHD, NgayLap, TongTien, TrangThai, MaKH, MaNV, MaKhuyenMai, TongGiam) VALUES (3, '2024-05-07', 2155394, N'Đã thanh toán', 'KH007', 'NV074', NULL, 0);
INSERT INTO HoaDon (MaHD, NgayLap, TongTien, TrangThai, MaKH, MaNV, MaKhuyenMai, TongGiam) VALUES (4, '2024-05-28', 1291223, N'Chờ thanh toán', 'KH069', 'NV002', NULL, 0);
INSERT INTO HoaDon (MaHD, NgayLap, TongTien, TrangThai, MaKH, MaNV, MaKhuyenMai, TongGiam) VALUES (5, '2024-05-11', 1791635, N'Đã thanh toán', 'KH063', 'NV002', 'KM024', 859985);
INSERT INTO HoaDon (MaHD, NgayLap, TongTien, TrangThai, MaKH, MaNV, MaKhuyenMai, TongGiam) VALUES (6, '2024-05-21', 1975927, N'Đã thanh toán', 'KH085', 'NV066', 'KM007', 276630);
INSERT INTO HoaDon (MaHD, NgayLap, TongTien, TrangThai, MaKH, MaNV, MaKhuyenMai, TongGiam) VALUES (7, '2024-05-25', 2982346, N'Chờ thanh toán', 'KH077', 'NV069', 'KM024', 1431526);
INSERT INTO HoaDon (MaHD, NgayLap, TongTien, TrangThai, MaKH, MaNV, MaKhuyenMai, TongGiam) VALUES (8, '2024-06-30', 5501415, N'Đã thanh toán', 'KH014', 'NV052', 'KM030', 3300849);
INSERT INTO HoaDon (MaHD, NgayLap, TongTien, TrangThai, MaKH, MaNV, MaKhuyenMai, TongGiam) VALUES (9, '2024-05-02', 2457453, N'Đã thanh toán', 'KH076', 'NV078', NULL, 0);
INSERT INTO HoaDon (MaHD, NgayLap, TongTien, TrangThai, MaKH, MaNV, MaKhuyenMai, TongGiam) VALUES (10, '2024-06-22', 4618247, N'Đã thanh toán', 'KH007', 'NV015', NULL, 0);
INSERT INTO HoaDon (MaHD, NgayLap, TongTien, TrangThai, MaKH, MaNV, MaKhuyenMai, TongGiam) VALUES (11, '2024-05-23', 1658958, N'Chờ thanh toán', 'KH093', 'NV019', 'KM043', 1426704);
INSERT INTO HoaDon (MaHD, NgayLap, TongTien, TrangThai, MaKH, MaNV, MaKhuyenMai, TongGiam) VALUES (12, '2024-06-02', 2119763, N'Đã thanh toán', 'KH026', 'NV090', 'KM033', 1399044);
INSERT INTO HoaDon (MaHD, NgayLap, TongTien, TrangThai, MaKH, MaNV, MaKhuyenMai, TongGiam) VALUES (13, '2024-05-13', 1149956, N'Đã thanh toán', 'KH035', 'NV010', NULL, 0);
INSERT INTO HoaDon (MaHD, NgayLap, TongTien, TrangThai, MaKH, MaNV, MaKhuyenMai, TongGiam) VALUES (14, '2024-05-04', 844508, N'Đã thanh toán', 'KH098', 'NV001', NULL, 0);
INSERT INTO HoaDon (MaHD, NgayLap, TongTien, TrangThai, MaKH, MaNV, MaKhuyenMai, TongGiam) VALUES (15, '2024-05-12', 3059863, N'Đã hủy', 'KH057', 'NV031', NULL, 0);
INSERT INTO HoaDon (MaHD, NgayLap, TongTien, TrangThai, MaKH, MaNV, MaKhuyenMai, TongGiam) VALUES (16, '2024-06-18', 2343393, N'Đã thanh toán', 'KH009', 'NV071', 'KM028', 1312300);
INSERT INTO HoaDon (MaHD, NgayLap, TongTien, TrangThai, MaKH, MaNV, MaKhuyenMai, TongGiam) VALUES (17, '2024-05-02', 3627698, N'Đã thanh toán', 'KH089', 'NV017', 'KM049', 3555144);
INSERT INTO HoaDon (MaHD, NgayLap, TongTien, TrangThai, MaKH, MaNV, MaKhuyenMai, TongGiam) VALUES (18, '2024-06-14', 3260270, N'Đã thanh toán', 'KH003', 'NV034', 'KM004', 260822);
INSERT INTO HoaDon (MaHD, NgayLap, TongTien, TrangThai, MaKH, MaNV, MaKhuyenMai, TongGiam) VALUES (19, '2024-05-06', 3497370, N'Đã thanh toán', 'KH094', 'NV035', NULL, 0);
INSERT INTO HoaDon (MaHD, NgayLap, TongTien, TrangThai, MaKH, MaNV, MaKhuyenMai, TongGiam) VALUES (20, '2024-06-15', 3019186, N'Đã thanh toán', 'KH008', 'NV095', 'KM012', 724605);
INSERT INTO HoaDon (MaHD, NgayLap, TongTien, TrangThai, MaKH, MaNV, MaKhuyenMai, TongGiam) VALUES (21, '2024-06-13', 3443590, N'Đã thanh toán', 'KH057', 'NV067', NULL, 0);
INSERT INTO HoaDon (MaHD, NgayLap, TongTien, TrangThai, MaKH, MaNV, MaKhuyenMai, TongGiam) VALUES (22, '2024-06-17', 4774869, N'Chờ thanh toán', 'KH049', 'NV036', NULL, 0);
INSERT INTO HoaDon (MaHD, NgayLap, TongTien, TrangThai, MaKH, MaNV, MaKhuyenMai, TongGiam) VALUES (23, '2024-05-09', 646866, N'Đã thanh toán', 'KH051', 'NV092', NULL, 0);
INSERT INTO HoaDon (MaHD, NgayLap, TongTien, TrangThai, MaKH, MaNV, MaKhuyenMai, TongGiam) VALUES (24, '2024-05-13', 3702882, N'Đã thanh toán', 'KH071', 'NV043', NULL, 0);
INSERT INTO HoaDon (MaHD, NgayLap, TongTien, TrangThai, MaKH, MaNV, MaKhuyenMai, TongGiam) VALUES (25, '2024-06-05', 3317369, N'Đã thanh toán', 'KH025', 'NV035', 'KM040', 2653895);
INSERT INTO HoaDon (MaHD, NgayLap, TongTien, TrangThai, MaKH, MaNV, MaKhuyenMai, TongGiam) VALUES (26, '2024-06-08', 2974471, N'Chờ thanh toán', 'KH081', 'NV004', 'KM050', 2974471);
INSERT INTO HoaDon (MaHD, NgayLap, TongTien, TrangThai, MaKH, MaNV, MaKhuyenMai, TongGiam) VALUES (27, '2024-06-14', 2910593, N'Đã thanh toán', 'KH084', 'NV084', NULL, 0);
INSERT INTO HoaDon (MaHD, NgayLap, TongTien, TrangThai, MaKH, MaNV, MaKhuyenMai, TongGiam) VALUES (28, '2024-05-13', 1118071, N'Đã thanh toán', 'KH068', 'NV090', 'KM036', 805011);
INSERT INTO HoaDon (MaHD, NgayLap, TongTien, TrangThai, MaKH, MaNV, MaKhuyenMai, TongGiam) VALUES (29, '2024-05-06', 2133854, N'Đã thanh toán', 'KH026', 'NV076', 'KM015', 640156);
INSERT INTO HoaDon (MaHD, NgayLap, TongTien, TrangThai, MaKH, MaNV, MaKhuyenMai, TongGiam) VALUES (30, '2024-06-20', 2682199, N'Đã thanh toán', 'KH069', 'NV081', 'KM028', 1502031);
INSERT INTO HoaDon (MaHD, NgayLap, TongTien, TrangThai, MaKH, MaNV, MaKhuyenMai, TongGiam) VALUES (31, '2024-05-01', 3829827, N'Chờ thanh toán', 'KH083', 'NV053', NULL, 0);
INSERT INTO HoaDon (MaHD, NgayLap, TongTien, TrangThai, MaKH, MaNV, MaKhuyenMai, TongGiam) VALUES (32, '2024-06-25', 2273065, N'Chờ thanh toán', 'KH055', 'NV039', 'KM024', 1091071);
INSERT INTO HoaDon (MaHD, NgayLap, TongTien, TrangThai, MaKH, MaNV, MaKhuyenMai, TongGiam) VALUES (33, '2024-05-05', 4537767, N'Đã thanh toán', 'KH085', 'NV071', NULL, 0);
INSERT INTO HoaDon (MaHD, NgayLap, TongTien, TrangThai, MaKH, MaNV, MaKhuyenMai, TongGiam) VALUES (34, '2024-05-13', 3730325, N'Đã thanh toán', 'KH086', 'NV059', 'KM024', 1790556);
INSERT INTO HoaDon (MaHD, NgayLap, TongTien, TrangThai, MaKH, MaNV, MaKhuyenMai, TongGiam) VALUES (35, '2024-05-31', 5746664, N'Đã thanh toán', 'KH021', 'NV089', 'KM040', 4597331);
INSERT INTO HoaDon (MaHD, NgayLap, TongTien, TrangThai, MaKH, MaNV, MaKhuyenMai, TongGiam) VALUES (36, '2024-05-11', 680120, N'Đã thanh toán', 'KH040', 'NV043', NULL, 0);
INSERT INTO HoaDon (MaHD, NgayLap, TongTien, TrangThai, MaKH, MaNV, MaKhuyenMai, TongGiam) VALUES (37, '2024-06-15', 5524509, N'Đã thanh toán', 'KH030', 'NV043', 'KM009', 994412);
INSERT INTO HoaDon (MaHD, NgayLap, TongTien, TrangThai, MaKH, MaNV, MaKhuyenMai, TongGiam) VALUES (38, '2024-06-09', 521973, N'Đã thanh toán', 'KH067', 'NV083', NULL, 0);
INSERT INTO HoaDon (MaHD, NgayLap, TongTien, TrangThai, MaKH, MaNV, MaKhuyenMai, TongGiam) VALUES (39, '2024-05-19', 4460957, N'Chờ thanh toán', 'KH006', 'NV041', NULL, 0);
INSERT INTO HoaDon (MaHD, NgayLap, TongTien, TrangThai, MaKH, MaNV, MaKhuyenMai, TongGiam) VALUES (40, '2024-06-24', 4662290, N'Chờ thanh toán', 'KH007', 'NV019', 'KM039', 3636586);
INSERT INTO HoaDon (MaHD, NgayLap, TongTien, TrangThai, MaKH, MaNV, MaKhuyenMai, TongGiam) VALUES (41, '2024-06-05', 5062606, N'Chờ thanh toán', 'KH086', 'NV064', NULL, 0);
INSERT INTO HoaDon (MaHD, NgayLap, TongTien, TrangThai, MaKH, MaNV, MaKhuyenMai, TongGiam) VALUES (42, '2024-05-28', 2973564, N'Đã thanh toán', 'KH085', 'NV071', 'KM008', 475770);
INSERT INTO HoaDon (MaHD, NgayLap, TongTien, TrangThai, MaKH, MaNV, MaKhuyenMai, TongGiam) VALUES (43, '2024-05-29', 2379041, N'Đã thanh toán', 'KH042', 'NV017', NULL, 0);
INSERT INTO HoaDon (MaHD, NgayLap, TongTien, TrangThai, MaKH, MaNV, MaKhuyenMai, TongGiam) VALUES (44, '2024-05-25', 2997773, N'Đã thanh toán', 'KH068', 'NV061', 'KM016', 959287);
INSERT INTO HoaDon (MaHD, NgayLap, TongTien, TrangThai, MaKH, MaNV, MaKhuyenMai, TongGiam) VALUES (45, '2024-05-10', 2106881, N'Đã thanh toán', 'KH046', 'NV085', NULL, 0);
INSERT INTO HoaDon (MaHD, NgayLap, TongTien, TrangThai, MaKH, MaNV, MaKhuyenMai, TongGiam) VALUES (46, '2024-06-12', 5511063, N'Đã thanh toán', 'KH015', 'NV024', NULL, 0);
INSERT INTO HoaDon (MaHD, NgayLap, TongTien, TrangThai, MaKH, MaNV, MaKhuyenMai, TongGiam) VALUES (47, '2024-05-24', 1073044, N'Đã thanh toán', 'KH019', 'NV022', 'KM029', 622366);
INSERT INTO HoaDon (MaHD, NgayLap, TongTien, TrangThai, MaKH, MaNV, MaKhuyenMai, TongGiam) VALUES (48, '2024-05-17', 4085723, N'Đã thanh toán', 'KH049', 'NV042', NULL, 0);
INSERT INTO HoaDon (MaHD, NgayLap, TongTien, TrangThai, MaKH, MaNV, MaKhuyenMai, TongGiam) VALUES (49, '2024-05-26', 3451224, N'Đã thanh toán', 'KH026', 'NV040', 'KM028', 1932685);
INSERT INTO HoaDon (MaHD, NgayLap, TongTien, TrangThai, MaKH, MaNV, MaKhuyenMai, TongGiam) VALUES (50, '2024-05-20', 2816152, N'Đã thanh toán', 'KH075', 'NV005', NULL, 0);
INSERT INTO HoaDon (MaHD, NgayLap, TongTien, TrangThai, MaKH, MaNV, MaKhuyenMai, TongGiam) VALUES (51, '2024-05-19', 1275720, N'Chờ thanh toán', 'KH068', 'NV040', NULL, 0);
INSERT INTO HoaDon (MaHD, NgayLap, TongTien, TrangThai, MaKH, MaNV, MaKhuyenMai, TongGiam) VALUES (52, '2024-05-30', 2533799, N'Đã thanh toán', 'KH006', 'NV036', NULL, 0);
INSERT INTO HoaDon (MaHD, NgayLap, TongTien, TrangThai, MaKH, MaNV, MaKhuyenMai, TongGiam) VALUES (53, '2024-05-28', 2466360, N'Đã thanh toán', 'KH084', 'NV025', NULL, 0);
INSERT INTO HoaDon (MaHD, NgayLap, TongTien, TrangThai, MaKH, MaNV, MaKhuyenMai, TongGiam) VALUES (54, '2024-06-17', 2623026, N'Chờ thanh toán', 'KH029', 'NV071', 'KM036', 1888579);
INSERT INTO HoaDon (MaHD, NgayLap, TongTien, TrangThai, MaKH, MaNV, MaKhuyenMai, TongGiam) VALUES (55, '2024-05-14', 3004740, N'Đã thanh toán', 'KH005', 'NV005', 'KM008', 480758);
INSERT INTO HoaDon (MaHD, NgayLap, TongTien, TrangThai, MaKH, MaNV, MaKhuyenMai, TongGiam) VALUES (56, '2024-05-29', 3190346, N'Đã thanh toán', 'KH010', 'NV043', 'KM012', 765683);
INSERT INTO HoaDon (MaHD, NgayLap, TongTien, TrangThai, MaKH, MaNV, MaKhuyenMai, TongGiam) VALUES (57, '2024-05-19', 3993152, N'Đã thanh toán', 'KH088', 'NV086', 'KM003', 239589);
INSERT INTO HoaDon (MaHD, NgayLap, TongTien, TrangThai, MaKH, MaNV, MaKhuyenMai, TongGiam) VALUES (58, '2024-05-16', 1700178, N'Đã thanh toán', 'KH014', 'NV089', 'KM015', 510053);
INSERT INTO HoaDon (MaHD, NgayLap, TongTien, TrangThai, MaKH, MaNV, MaKhuyenMai, TongGiam) VALUES (59, '2024-05-15', 2916251, N'Chờ thanh toán', 'KH093', 'NV013', 'KM023', 1341475);
INSERT INTO HoaDon (MaHD, NgayLap, TongTien, TrangThai, MaKH, MaNV, MaKhuyenMai, TongGiam) VALUES (60, '2024-06-14', 2825536, N'Đã thanh toán', 'KH099', 'NV020', NULL, 0);
INSERT INTO HoaDon (MaHD, NgayLap, TongTien, TrangThai, MaKH, MaNV, MaKhuyenMai, TongGiam) VALUES (61, '2024-05-16', 2508202, N'Đã thanh toán', 'KH036', 'NV067', 'KM007', 351148);
INSERT INTO HoaDon (MaHD, NgayLap, TongTien, TrangThai, MaKH, MaNV, MaKhuyenMai, TongGiam) VALUES (62, '2024-05-08', 2153512, N'Chờ thanh toán', 'KH082', 'NV003', 'KM038', 1636669);
INSERT INTO HoaDon (MaHD, NgayLap, TongTien, TrangThai, MaKH, MaNV, MaKhuyenMai, TongGiam) VALUES (63, '2024-06-24', 3584593, N'Đã thanh toán', 'KH074', 'NV050', 'KM034', 2437523);
INSERT INTO HoaDon (MaHD, NgayLap, TongTien, TrangThai, MaKH, MaNV, MaKhuyenMai, TongGiam) VALUES (64, '2024-05-23', 3385791, N'Đã thanh toán', 'KH078', 'NV050', 'KM010', 677158);
INSERT INTO HoaDon (MaHD, NgayLap, TongTien, TrangThai, MaKH, MaNV, MaKhuyenMai, TongGiam) VALUES (65, '2024-06-18', 3595558, N'Đã thanh toán', 'KH016', 'NV096', 'KM045', 3236002);
INSERT INTO HoaDon (MaHD, NgayLap, TongTien, TrangThai, MaKH, MaNV, MaKhuyenMai, TongGiam) VALUES (66, '2024-06-05', 3189338, N'Chờ thanh toán', 'KH092', 'NV003', 'KM041', 2615257);
INSERT INTO HoaDon (MaHD, NgayLap, TongTien, TrangThai, MaKH, MaNV, MaKhuyenMai, TongGiam) VALUES (67, '2024-06-02', 3372906, N'Đã thanh toán', 'KH052', 'NV047', NULL, 0);
INSERT INTO HoaDon (MaHD, NgayLap, TongTien, TrangThai, MaKH, MaNV, MaKhuyenMai, TongGiam) VALUES (68, '2024-05-09', 1702444, N'Đã thanh toán', 'KH088', 'NV060', 'KM029', 987418);
INSERT INTO HoaDon (MaHD, NgayLap, TongTien, TrangThai, MaKH, MaNV, MaKhuyenMai, TongGiam) VALUES (69, '2024-06-02', 2573940, N'Đã thanh toán', 'KH058', 'NV027', NULL, 0);
INSERT INTO HoaDon (MaHD, NgayLap, TongTien, TrangThai, MaKH, MaNV, MaKhuyenMai, TongGiam) VALUES (70, '2024-06-07', 876694, N'Đã thanh toán', 'KH008', 'NV040', 'KM005', 87669);
INSERT INTO HoaDon (MaHD, NgayLap, TongTien, TrangThai, MaKH, MaNV, MaKhuyenMai, TongGiam) VALUES (71, '2024-06-04', 9065292, N'Đã thanh toán', 'KH024', 'NV035', NULL, 0);
INSERT INTO HoaDon (MaHD, NgayLap, TongTien, TrangThai, MaKH, MaNV, MaKhuyenMai, TongGiam) VALUES (72, '2024-06-16', 2580089, N'Đã thanh toán', 'KH047', 'NV023', NULL, 0);
INSERT INTO HoaDon (MaHD, NgayLap, TongTien, TrangThai, MaKH, MaNV, MaKhuyenMai, TongGiam) VALUES (73, '2024-05-10', 3852841, N'Đã thanh toán', 'KH083', 'NV078', 'KM006', 462341);
INSERT INTO HoaDon (MaHD, NgayLap, TongTien, TrangThai, MaKH, MaNV, MaKhuyenMai, TongGiam) VALUES (74, '2024-06-15', 2306004, N'Đã thanh toán', 'KH055', 'NV003', 'KM047', 2167644);
INSERT INTO HoaDon (MaHD, NgayLap, TongTien, TrangThai, MaKH, MaNV, MaKhuyenMai, TongGiam) VALUES (75, '2024-05-01', 4847343, N'Đã thanh toán', 'KH021', 'NV005', NULL, 0);
INSERT INTO HoaDon (MaHD, NgayLap, TongTien, TrangThai, MaKH, MaNV, MaKhuyenMai, TongGiam) VALUES (76, '2024-05-05', 1958307, N'Đã thanh toán', 'KH053', 'NV094', NULL, 0);
INSERT INTO HoaDon (MaHD, NgayLap, TongTien, TrangThai, MaKH, MaNV, MaKhuyenMai, TongGiam) VALUES (77, '2024-05-13', 766797, N'Chờ thanh toán', 'KH017', 'NV066', 'KM008', 122688);
INSERT INTO HoaDon (MaHD, NgayLap, TongTien, TrangThai, MaKH, MaNV, MaKhuyenMai, TongGiam) VALUES (78, '2024-06-10', 2755569, N'Đã thanh toán', 'KH065', 'NV042', NULL, 0);
INSERT INTO HoaDon (MaHD, NgayLap, TongTien, TrangThai, MaKH, MaNV, MaKhuyenMai, TongGiam) VALUES (79, '2024-05-19', 1481435, N'Chờ thanh toán', 'KH098', 'NV100', NULL, 0);
INSERT INTO HoaDon (MaHD, NgayLap, TongTien, TrangThai, MaKH, MaNV, MaKhuyenMai, TongGiam) VALUES (80, '2024-05-05', 4771090, N'Đã thanh toán', 'KH006', 'NV022', NULL, 0);
INSERT INTO HoaDon (MaHD, NgayLap, TongTien, TrangThai, MaKH, MaNV, MaKhuyenMai, TongGiam) VALUES (81, '2024-05-08', 6232986, N'Đã thanh toán', 'KH014', 'NV054', 'KM045', 5609687);
INSERT INTO HoaDon (MaHD, NgayLap, TongTien, TrangThai, MaKH, MaNV, MaKhuyenMai, TongGiam) VALUES (82, '2024-06-07', 5336688, N'Đã thanh toán', 'KH009', 'NV040', 'KM030', 3202013);
INSERT INTO HoaDon (MaHD, NgayLap, TongTien, TrangThai, MaKH, MaNV, MaKhuyenMai, TongGiam) VALUES (83, '2024-05-06', 4482656, N'Chờ thanh toán', 'KH059', 'NV042', NULL, 0);
INSERT INTO HoaDon (MaHD, NgayLap, TongTien, TrangThai, MaKH, MaNV, MaKhuyenMai, TongGiam) VALUES (84, '2024-05-22', 4060752, N'Chờ thanh toán', 'KH012', 'NV082', NULL, 0);
INSERT INTO HoaDon (MaHD, NgayLap, TongTien, TrangThai, MaKH, MaNV, MaKhuyenMai, TongGiam) VALUES (85, '2024-06-15', 1299600, N'Đã thanh toán', 'KH043', 'NV016', 'KM021', 545832);
INSERT INTO HoaDon (MaHD, NgayLap, TongTien, TrangThai, MaKH, MaNV, MaKhuyenMai, TongGiam) VALUES (86, '2024-06-17', 4158976, N'Chờ thanh toán', 'KH005', 'NV026', NULL, 0);
INSERT INTO HoaDon (MaHD, NgayLap, TongTien, TrangThai, MaKH, MaNV, MaKhuyenMai, TongGiam) VALUES (87, '2024-05-01', 2666970, N'Đã hủy', 'KH095', 'NV012', 'KM007', 373376);
INSERT INTO HoaDon (MaHD, NgayLap, TongTien, TrangThai, MaKH, MaNV, MaKhuyenMai, TongGiam) VALUES (88, '2024-06-22', 1939674, N'Chờ thanh toán', 'KH011', 'NV079', 'KM003', 116380);
INSERT INTO HoaDon (MaHD, NgayLap, TongTien, TrangThai, MaKH, MaNV, MaKhuyenMai, TongGiam) VALUES (89, '2024-06-26', 4554883, N'Chờ thanh toán', 'KH077', 'NV060', 'KM031', 2824027);
INSERT INTO HoaDon (MaHD, NgayLap, TongTien, TrangThai, MaKH, MaNV, MaKhuyenMai, TongGiam) VALUES (90, '2024-05-30', 2862486, N'Chờ thanh toán', 'KH026', 'NV068', NULL, 0);
INSERT INTO HoaDon (MaHD, NgayLap, TongTien, TrangThai, MaKH, MaNV, MaKhuyenMai, TongGiam) VALUES (91, '2024-05-24', 1824702, N'Đã thanh toán', 'KH066', 'NV094', NULL, 0);
INSERT INTO HoaDon (MaHD, NgayLap, TongTien, TrangThai, MaKH, MaNV, MaKhuyenMai, TongGiam) VALUES (92, '2024-05-14', 4211908, N'Đã thanh toán', 'KH085', 'NV069', 'KM013', 1095096);
INSERT INTO HoaDon (MaHD, NgayLap, TongTien, TrangThai, MaKH, MaNV, MaKhuyenMai, TongGiam) VALUES (93, '2024-05-27', 4939729, N'Đã hủy', 'KH017', 'NV087', 'KM028', 2766248);
INSERT INTO HoaDon (MaHD, NgayLap, TongTien, TrangThai, MaKH, MaNV, MaKhuyenMai, TongGiam) VALUES (94, '2024-05-04', 2299299, N'Chờ thanh toán', 'KH082', 'NV054', 'KM034', 1563523);
INSERT INTO HoaDon (MaHD, NgayLap, TongTien, TrangThai, MaKH, MaNV, MaKhuyenMai, TongGiam) VALUES (95, '2024-05-06', 3963691, N'Đã thanh toán', 'KH093', 'NV074', 'KM010', 792738);
INSERT INTO HoaDon (MaHD, NgayLap, TongTien, TrangThai, MaKH, MaNV, MaKhuyenMai, TongGiam) VALUES (96, '2024-05-10', 1693765, N'Đã thanh toán', 'KH041', 'NV027', NULL, 0);
INSERT INTO HoaDon (MaHD, NgayLap, TongTien, TrangThai, MaKH, MaNV, MaKhuyenMai, TongGiam) VALUES (97, '2024-05-20', 2690740, N'Đã thanh toán', 'KH094', 'NV018', NULL, 0);
INSERT INTO HoaDon (MaHD, NgayLap, TongTien, TrangThai, MaKH, MaNV, MaKhuyenMai, TongGiam) VALUES (98, '2024-05-27', 5200890, N'Đã thanh toán', 'KH023', 'NV062', NULL, 0);
INSERT INTO HoaDon (MaHD, NgayLap, TongTien, TrangThai, MaKH, MaNV, MaKhuyenMai, TongGiam) VALUES (99, '2024-06-01', 1146317, N'Chờ thanh toán', 'KH070', 'NV038', 'KM029', 664864);
INSERT INTO HoaDon (MaHD, NgayLap, TongTien, TrangThai, MaKH, MaNV, MaKhuyenMai, TongGiam) VALUES (100, '2024-06-30', 1988728, N'Đã hủy', 'KH009', 'NV093', 'KM034', 1352335);
SET IDENTITY_INSERT HoaDon OFF;



-- Chi tiet hoa don
INSERT INTO ChiTietHoaDon (MaHD, MaSach, SoLuong, DonGia) VALUES (1, 'S0047', 5, 474062);
INSERT INTO ChiTietHoaDon (MaHD, MaSach, SoLuong, DonGia) VALUES (1, 'S0017', 1, 471829);
INSERT INTO ChiTietHoaDon (MaHD, MaSach, SoLuong, DonGia) VALUES (1, 'S0001', 1, 98827);
INSERT INTO ChiTietHoaDon (MaHD, MaSach, SoLuong, DonGia) VALUES (1, 'S0048', 5, 479375);
INSERT INTO ChiTietHoaDon (MaHD, MaSach, SoLuong, DonGia) VALUES (1, 'S0011', 3, 267487);
INSERT INTO ChiTietHoaDon (MaHD, MaSach, SoLuong, DonGia) VALUES (2, 'S0005', 4, 78456);
INSERT INTO ChiTietHoaDon (MaHD, MaSach, SoLuong, DonGia) VALUES (2, 'S0010', 2, 67212);
INSERT INTO ChiTietHoaDon (MaHD, MaSach, SoLuong, DonGia) VALUES (2, 'S0059', 2, 441366);
INSERT INTO ChiTietHoaDon (MaHD, MaSach, SoLuong, DonGia) VALUES (2, 'S0083', 3, 333262);
INSERT INTO ChiTietHoaDon (MaHD, MaSach, SoLuong, DonGia) VALUES (3, 'S0074', 2, 83905);
INSERT INTO ChiTietHoaDon (MaHD, MaSach, SoLuong, DonGia) VALUES (3, 'S0024', 3, 464864);
INSERT INTO ChiTietHoaDon (MaHD, MaSach, SoLuong, DonGia) VALUES (3, 'S0038', 2, 296496);
INSERT INTO ChiTietHoaDon (MaHD, MaSach, SoLuong, DonGia) VALUES (4, 'S0037', 1, 86082);
INSERT INTO ChiTietHoaDon (MaHD, MaSach, SoLuong, DonGia) VALUES (4, 'S0045', 1, 152820);
INSERT INTO ChiTietHoaDon (MaHD, MaSach, SoLuong, DonGia) VALUES (4, 'S0042', 2, 106020);
INSERT INTO ChiTietHoaDon (MaHD, MaSach, SoLuong, DonGia) VALUES (4, 'S0016', 4, 103215);
INSERT INTO ChiTietHoaDon (MaHD, MaSach, SoLuong, DonGia) VALUES (4, 'S0070', 1, 427421);
INSERT INTO ChiTietHoaDon (MaHD, MaSach, SoLuong, DonGia) VALUES (5, 'S0077', 5, 67289);
INSERT INTO ChiTietHoaDon (MaHD, MaSach, SoLuong, DonGia) VALUES (5, 'S0008', 1, 206686);
INSERT INTO ChiTietHoaDon (MaHD, MaSach, SoLuong, DonGia) VALUES (5, 'S0100', 4, 229213);
INSERT INTO ChiTietHoaDon (MaHD, MaSach, SoLuong, DonGia) VALUES (5, 'S0079', 1, 331652);
INSERT INTO ChiTietHoaDon (MaHD, MaSach, SoLuong, DonGia) VALUES (6, 'S0092', 2, 188707);
INSERT INTO ChiTietHoaDon (MaHD, MaSach, SoLuong, DonGia) VALUES (6, 'S0085', 2, 226222);
INSERT INTO ChiTietHoaDon (MaHD, MaSach, SoLuong, DonGia) VALUES (6, 'S0095', 3, 277875);
INSERT INTO ChiTietHoaDon (MaHD, MaSach, SoLuong, DonGia) VALUES (6, 'S0061', 3, 104148);
INSERT INTO ChiTietHoaDon (MaHD, MaSach, SoLuong, DonGia) VALUES (7, 'S0063', 3, 351250);
INSERT INTO ChiTietHoaDon (MaHD, MaSach, SoLuong, DonGia) VALUES (7, 'S0078', 2, 353840);
INSERT INTO ChiTietHoaDon (MaHD, MaSach, SoLuong, DonGia) VALUES (7, 'S0053', 3, 148645);
INSERT INTO ChiTietHoaDon (MaHD, MaSach, SoLuong, DonGia) VALUES (7, 'S0098', 3, 258327);
INSERT INTO ChiTietHoaDon (MaHD, MaSach, SoLuong, DonGia) VALUES (8, 'S0060', 3, 185586);
INSERT INTO ChiTietHoaDon (MaHD, MaSach, SoLuong, DonGia) VALUES (8, 'S0097', 4, 434853);
INSERT INTO ChiTietHoaDon (MaHD, MaSach, SoLuong, DonGia) VALUES (8, 'S0036', 5, 90790);
INSERT INTO ChiTietHoaDon (MaHD, MaSach, SoLuong, DonGia) VALUES (8, 'S0066', 5, 466960);
INSERT INTO ChiTietHoaDon (MaHD, MaSach, SoLuong, DonGia) VALUES (8, 'S0084', 1, 416495);
INSERT INTO ChiTietHoaDon (MaHD, MaSach, SoLuong, DonGia) VALUES (9, 'S0078', 3, 265762);
INSERT INTO ChiTietHoaDon (MaHD, MaSach, SoLuong, DonGia) VALUES (9, 'S0007', 1, 223502);
INSERT INTO ChiTietHoaDon (MaHD, MaSach, SoLuong, DonGia) VALUES (9, 'S0050', 3, 270805);
INSERT INTO ChiTietHoaDon (MaHD, MaSach, SoLuong, DonGia) VALUES (9, 'S0002', 5, 124850);
INSERT INTO ChiTietHoaDon (MaHD, MaSach, SoLuong, DonGia) VALUES (10, 'S0078', 4, 447832);
INSERT INTO ChiTietHoaDon (MaHD, MaSach, SoLuong, DonGia) VALUES (10, 'S0066', 5, 226027);
INSERT INTO ChiTietHoaDon (MaHD, MaSach, SoLuong, DonGia) VALUES (10, 'S0035', 1, 444426);
INSERT INTO ChiTietHoaDon (MaHD, MaSach, SoLuong, DonGia) VALUES (10, 'S0006', 1, 462125);
INSERT INTO ChiTietHoaDon (MaHD, MaSach, SoLuong, DonGia) VALUES (10, 'S0063', 3, 263411);
INSERT INTO ChiTietHoaDon (MaHD, MaSach, SoLuong, DonGia) VALUES (11, 'S0087', 4, 139772);
INSERT INTO ChiTietHoaDon (MaHD, MaSach, SoLuong, DonGia) VALUES (11, 'S0043', 5, 219974);
INSERT INTO ChiTietHoaDon (MaHD, MaSach, SoLuong, DonGia) VALUES (12, 'S0092', 3, 80107);
INSERT INTO ChiTietHoaDon (MaHD, MaSach, SoLuong, DonGia) VALUES (12, 'S0050', 5, 302994);
INSERT INTO ChiTietHoaDon (MaHD, MaSach, SoLuong, DonGia) VALUES (12, 'S0013', 2, 80017);
INSERT INTO ChiTietHoaDon (MaHD, MaSach, SoLuong, DonGia) VALUES (12, 'S0079', 3, 68146);
INSERT INTO ChiTietHoaDon (MaHD, MaSach, SoLuong, DonGia) VALUES (13, 'S0086', 4, 88488);
INSERT INTO ChiTietHoaDon (MaHD, MaSach, SoLuong, DonGia) VALUES (13, 'S0049', 1, 387796);
INSERT INTO ChiTietHoaDon (MaHD, MaSach, SoLuong, DonGia) VALUES (13, 'S0050', 2, 204104);
INSERT INTO ChiTietHoaDon (MaHD, MaSach, SoLuong, DonGia) VALUES (14, 'S0097', 4, 98720);
INSERT INTO ChiTietHoaDon (MaHD, MaSach, SoLuong, DonGia) VALUES (14, 'S0071', 3, 149876);
INSERT INTO ChiTietHoaDon (MaHD, MaSach, SoLuong, DonGia) VALUES (15, 'S0039', 5, 284025);
INSERT INTO ChiTietHoaDon (MaHD, MaSach, SoLuong, DonGia) VALUES (15, 'S0035', 3, 438717);
INSERT INTO ChiTietHoaDon (MaHD, MaSach, SoLuong, DonGia) VALUES (15, 'S0100', 1, 323587);
INSERT INTO ChiTietHoaDon (MaHD, MaSach, SoLuong, DonGia) VALUES (16, 'S0034', 4, 147222);
INSERT INTO ChiTietHoaDon (MaHD, MaSach, SoLuong, DonGia) VALUES (16, 'S0001', 2, 229464);
INSERT INTO ChiTietHoaDon (MaHD, MaSach, SoLuong, DonGia) VALUES (16, 'S0069', 1, 322737);
INSERT INTO ChiTietHoaDon (MaHD, MaSach, SoLuong, DonGia) VALUES (16, 'S0024', 4, 243210);
INSERT INTO ChiTietHoaDon (MaHD, MaSach, SoLuong, DonGia) VALUES (17, 'S0092', 2, 452458);
INSERT INTO ChiTietHoaDon (MaHD, MaSach, SoLuong, DonGia) VALUES (17, 'S0075', 1, 198461);
INSERT INTO ChiTietHoaDon (MaHD, MaSach, SoLuong, DonGia) VALUES (17, 'S0056', 4, 238003);
INSERT INTO ChiTietHoaDon (MaHD, MaSach, SoLuong, DonGia) VALUES (17, 'S0018', 3, 394839);
INSERT INTO ChiTietHoaDon (MaHD, MaSach, SoLuong, DonGia) VALUES (17, 'S0010', 2, 193896);
INSERT INTO ChiTietHoaDon (MaHD, MaSach, SoLuong, DonGia) VALUES (18, 'S0058', 2, 459703);
INSERT INTO ChiTietHoaDon (MaHD, MaSach, SoLuong, DonGia) VALUES (18, 'S0030', 4, 275270);
INSERT INTO ChiTietHoaDon (MaHD, MaSach, SoLuong, DonGia) VALUES (18, 'S0001', 2, 288185);
INSERT INTO ChiTietHoaDon (MaHD, MaSach, SoLuong, DonGia) VALUES (18, 'S0033', 2, 331707);
INSERT INTO ChiTietHoaDon (MaHD, MaSach, SoLuong, DonGia) VALUES (19, 'S0032', 5, 442660);
INSERT INTO ChiTietHoaDon (MaHD, MaSach, SoLuong, DonGia) VALUES (19, 'S0065', 5, 256814);
INSERT INTO ChiTietHoaDon (MaHD, MaSach, SoLuong, DonGia) VALUES (20, 'S0057', 4, 384172);
INSERT INTO ChiTietHoaDon (MaHD, MaSach, SoLuong, DonGia) VALUES (20, 'S0082', 3, 494166);
INSERT INTO ChiTietHoaDon (MaHD, MaSach, SoLuong, DonGia) VALUES (21, 'S0073', 5, 361472);
INSERT INTO ChiTietHoaDon (MaHD, MaSach, SoLuong, DonGia) VALUES (21, 'S0038', 2, 238554);
INSERT INTO ChiTietHoaDon (MaHD, MaSach, SoLuong, DonGia) VALUES (21, 'S0060', 1, 86707);
INSERT INTO ChiTietHoaDon (MaHD, MaSach, SoLuong, DonGia) VALUES (21, 'S0084', 5, 165005);
INSERT INTO ChiTietHoaDon (MaHD, MaSach, SoLuong, DonGia) VALUES (21, 'S0047', 2, 123695);
INSERT INTO ChiTietHoaDon (MaHD, MaSach, SoLuong, DonGia) VALUES (22, 'S0022', 2, 444582);
INSERT INTO ChiTietHoaDon (MaHD, MaSach, SoLuong, DonGia) VALUES (22, 'S0094', 5, 55509);
INSERT INTO ChiTietHoaDon (MaHD, MaSach, SoLuong, DonGia) VALUES (22, 'S0063', 1, 467268);
INSERT INTO ChiTietHoaDon (MaHD, MaSach, SoLuong, DonGia) VALUES (22, 'S0029', 5, 453417);
INSERT INTO ChiTietHoaDon (MaHD, MaSach, SoLuong, DonGia) VALUES (22, 'S0079', 3, 291269);
INSERT INTO ChiTietHoaDon (MaHD, MaSach, SoLuong, DonGia) VALUES (23, 'S0099', 1, 207740);
INSERT INTO ChiTietHoaDon (MaHD, MaSach, SoLuong, DonGia) VALUES (23, 'S0092', 1, 439126);
INSERT INTO ChiTietHoaDon (MaHD, MaSach, SoLuong, DonGia) VALUES (24, 'S0045', 2, 170712);
INSERT INTO ChiTietHoaDon (MaHD, MaSach, SoLuong, DonGia) VALUES (24, 'S0040', 4, 432837);
INSERT INTO ChiTietHoaDon (MaHD, MaSach, SoLuong, DonGia) VALUES (24, 'S0049', 5, 326022);
INSERT INTO ChiTietHoaDon (MaHD, MaSach, SoLuong, DonGia) VALUES (25, 'S0099', 2, 70007);
INSERT INTO ChiTietHoaDon (MaHD, MaSach, SoLuong, DonGia) VALUES (25, 'S0090', 3, 149727);
INSERT INTO ChiTietHoaDon (MaHD, MaSach, SoLuong, DonGia) VALUES (25, 'S0025', 5, 221039);
INSERT INTO ChiTietHoaDon (MaHD, MaSach, SoLuong, DonGia) VALUES (25, 'S0046', 4, 144108);
INSERT INTO ChiTietHoaDon (MaHD, MaSach, SoLuong, DonGia) VALUES (25, 'S0036', 3, 348849);
INSERT INTO ChiTietHoaDon (MaHD, MaSach, SoLuong, DonGia) VALUES (26, 'S0040', 5, 312045);
INSERT INTO ChiTietHoaDon (MaHD, MaSach, SoLuong, DonGia) VALUES (26, 'S0062', 3, 232302);
INSERT INTO ChiTietHoaDon (MaHD, MaSach, SoLuong, DonGia) VALUES (26, 'S0003', 3, 53175);
INSERT INTO ChiTietHoaDon (MaHD, MaSach, SoLuong, DonGia) VALUES (26, 'S0099', 5, 111563);
INSERT INTO ChiTietHoaDon (MaHD, MaSach, SoLuong, DonGia) VALUES (27, 'S0098', 4, 298626);
INSERT INTO ChiTietHoaDon (MaHD, MaSach, SoLuong, DonGia) VALUES (27, 'S0071', 3, 240873);
INSERT INTO ChiTietHoaDon (MaHD, MaSach, SoLuong, DonGia) VALUES (27, 'S0059', 1, 265030);
INSERT INTO ChiTietHoaDon (MaHD, MaSach, SoLuong, DonGia) VALUES (27, 'S0049', 2, 97538);
INSERT INTO ChiTietHoaDon (MaHD, MaSach, SoLuong, DonGia) VALUES (27, 'S0067', 4, 133341);
INSERT INTO ChiTietHoaDon (MaHD, MaSach, SoLuong, DonGia) VALUES (28, 'S0014', 1, 366391);
INSERT INTO ChiTietHoaDon (MaHD, MaSach, SoLuong, DonGia) VALUES (28, 'S0086', 3, 250560);
INSERT INTO ChiTietHoaDon (MaHD, MaSach, SoLuong, DonGia) VALUES (29, 'S0061', 4, 182784);
INSERT INTO ChiTietHoaDon (MaHD, MaSach, SoLuong, DonGia) VALUES (29, 'S0063', 3, 447456);
INSERT INTO ChiTietHoaDon (MaHD, MaSach, SoLuong, DonGia) VALUES (29, 'S0028', 1, 60350);
INSERT INTO ChiTietHoaDon (MaHD, MaSach, SoLuong, DonGia) VALUES (30, 'S0024', 1, 366481);
INSERT INTO ChiTietHoaDon (MaHD, MaSach, SoLuong, DonGia) VALUES (30, 'S0053', 4, 71797);
INSERT INTO ChiTietHoaDon (MaHD, MaSach, SoLuong, DonGia) VALUES (30, 'S0089', 5, 405706);
INSERT INTO ChiTietHoaDon (MaHD, MaSach, SoLuong, DonGia) VALUES (31, 'S0015', 4, 251890);
INSERT INTO ChiTietHoaDon (MaHD, MaSach, SoLuong, DonGia) VALUES (31, 'S0027', 1, 219824);
INSERT INTO ChiTietHoaDon (MaHD, MaSach, SoLuong, DonGia) VALUES (31, 'S0076', 2, 145064);
INSERT INTO ChiTietHoaDon (MaHD, MaSach, SoLuong, DonGia) VALUES (31, 'S0094', 5, 397787);
INSERT INTO ChiTietHoaDon (MaHD, MaSach, SoLuong, DonGia) VALUES (31, 'S0064', 2, 161690);
INSERT INTO ChiTietHoaDon (MaHD, MaSach, SoLuong, DonGia) VALUES (32, 'S0009', 5, 227873);
INSERT INTO ChiTietHoaDon (MaHD, MaSach, SoLuong, DonGia) VALUES (32, 'S0078', 1, 347523);
INSERT INTO ChiTietHoaDon (MaHD, MaSach, SoLuong, DonGia) VALUES (32, 'S0039', 3, 262059);
INSERT INTO ChiTietHoaDon (MaHD, MaSach, SoLuong, DonGia) VALUES (33, 'S0093', 3, 454091);
INSERT INTO ChiTietHoaDon (MaHD, MaSach, SoLuong, DonGia) VALUES (33, 'S0029', 5, 252464);
INSERT INTO ChiTietHoaDon (MaHD, MaSach, SoLuong, DonGia) VALUES (33, 'S0028', 3, 215553);
INSERT INTO ChiTietHoaDon (MaHD, MaSach, SoLuong, DonGia) VALUES (33, 'S0070', 5, 253303);
INSERT INTO ChiTietHoaDon (MaHD, MaSach, SoLuong, DonGia) VALUES (34, 'S0097', 4, 291908);
INSERT INTO ChiTietHoaDon (MaHD, MaSach, SoLuong, DonGia) VALUES (34, 'S0079', 3, 287641);
INSERT INTO ChiTietHoaDon (MaHD, MaSach, SoLuong, DonGia) VALUES (34, 'S0071', 1, 154270);
INSERT INTO ChiTietHoaDon (MaHD, MaSach, SoLuong, DonGia) VALUES (34, 'S0016', 4, 205043);
INSERT INTO ChiTietHoaDon (MaHD, MaSach, SoLuong, DonGia) VALUES (34, 'S0059', 2, 362664);
INSERT INTO ChiTietHoaDon (MaHD, MaSach, SoLuong, DonGia) VALUES (35, 'S0074', 1, 432174);
INSERT INTO ChiTietHoaDon (MaHD, MaSach, SoLuong, DonGia) VALUES (35, 'S0097', 5, 420756);
INSERT INTO ChiTietHoaDon (MaHD, MaSach, SoLuong, DonGia) VALUES (35, 'S0073', 5, 364506);
INSERT INTO ChiTietHoaDon (MaHD, MaSach, SoLuong, DonGia) VALUES (35, 'S0015', 2, 324363);
INSERT INTO ChiTietHoaDon (MaHD, MaSach, SoLuong, DonGia) VALUES (35, 'S0049', 2, 369727);
INSERT INTO ChiTietHoaDon (MaHD, MaSach, SoLuong, DonGia) VALUES (36, 'S0066', 1, 286598);
INSERT INTO ChiTietHoaDon (MaHD, MaSach, SoLuong, DonGia) VALUES (36, 'S0064', 2, 84279);
INSERT INTO ChiTietHoaDon (MaHD, MaSach, SoLuong, DonGia) VALUES (36, 'S0012', 2, 112482);
INSERT INTO ChiTietHoaDon (MaHD, MaSach, SoLuong, DonGia) VALUES (37, 'S0027', 4, 168401);
INSERT INTO ChiTietHoaDon (MaHD, MaSach, SoLuong, DonGia) VALUES (37, 'S0056', 4, 439479);
INSERT INTO ChiTietHoaDon (MaHD, MaSach, SoLuong, DonGia) VALUES (37, 'S0059', 2, 491217);
INSERT INTO ChiTietHoaDon (MaHD, MaSach, SoLuong, DonGia) VALUES (37, 'S0067', 5, 422111);
INSERT INTO ChiTietHoaDon (MaHD, MaSach, SoLuong, DonGia) VALUES (38, 'S0076', 2, 187537);
INSERT INTO ChiTietHoaDon (MaHD, MaSach, SoLuong, DonGia) VALUES (38, 'S0011', 1, 146899);
INSERT INTO ChiTietHoaDon (MaHD, MaSach, SoLuong, DonGia) VALUES (39, 'S0013', 1, 273789);
INSERT INTO ChiTietHoaDon (MaHD, MaSach, SoLuong, DonGia) VALUES (39, 'S0067', 4, 223943);
INSERT INTO ChiTietHoaDon (MaHD, MaSach, SoLuong, DonGia) VALUES (39, 'S0084', 4, 298464);
INSERT INTO ChiTietHoaDon (MaHD, MaSach, SoLuong, DonGia) VALUES (39, 'S0064', 5, 419508);
INSERT INTO ChiTietHoaDon (MaHD, MaSach, SoLuong, DonGia) VALUES (40, 'S0005', 4, 58068);
INSERT INTO ChiTietHoaDon (MaHD, MaSach, SoLuong, DonGia) VALUES (40, 'S0067', 4, 336108);
INSERT INTO ChiTietHoaDon (MaHD, MaSach, SoLuong, DonGia) VALUES (40, 'S0014', 5, 369432);
INSERT INTO ChiTietHoaDon (MaHD, MaSach, SoLuong, DonGia) VALUES (40, 'S0044', 2, 145269);
INSERT INTO ChiTietHoaDon (MaHD, MaSach, SoLuong, DonGia) VALUES (40, 'S0081', 2, 473944);
INSERT INTO ChiTietHoaDon (MaHD, MaSach, SoLuong, DonGia) VALUES (41, 'S0080', 4, 273309);
INSERT INTO ChiTietHoaDon (MaHD, MaSach, SoLuong, DonGia) VALUES (41, 'S0029', 5, 324060);
INSERT INTO ChiTietHoaDon (MaHD, MaSach, SoLuong, DonGia) VALUES (41, 'S0067', 5, 469814);
INSERT INTO ChiTietHoaDon (MaHD, MaSach, SoLuong, DonGia) VALUES (42, 'S0071', 5, 410409);
INSERT INTO ChiTietHoaDon (MaHD, MaSach, SoLuong, DonGia) VALUES (42, 'S0019', 3, 115309);
INSERT INTO ChiTietHoaDon (MaHD, MaSach, SoLuong, DonGia) VALUES (42, 'S0003', 3, 191864);
INSERT INTO ChiTietHoaDon (MaHD, MaSach, SoLuong, DonGia) VALUES (43, 'S0098', 2, 283944);
INSERT INTO ChiTietHoaDon (MaHD, MaSach, SoLuong, DonGia) VALUES (43, 'S0005', 4, 71627);
INSERT INTO ChiTietHoaDon (MaHD, MaSach, SoLuong, DonGia) VALUES (43, 'S0099', 1, 423529);
INSERT INTO ChiTietHoaDon (MaHD, MaSach, SoLuong, DonGia) VALUES (43, 'S0026', 3, 216968);
INSERT INTO ChiTietHoaDon (MaHD, MaSach, SoLuong, DonGia) VALUES (43, 'S0094', 4, 112553);
INSERT INTO ChiTietHoaDon (MaHD, MaSach, SoLuong, DonGia) VALUES (44, 'S0025', 4, 162591);
INSERT INTO ChiTietHoaDon (MaHD, MaSach, SoLuong, DonGia) VALUES (44, 'S0099', 2, 168197);
INSERT INTO ChiTietHoaDon (MaHD, MaSach, SoLuong, DonGia) VALUES (44, 'S0024', 5, 402203);
INSERT INTO ChiTietHoaDon (MaHD, MaSach, SoLuong, DonGia) VALUES (45, 'S0088', 2, 267726);
INSERT INTO ChiTietHoaDon (MaHD, MaSach, SoLuong, DonGia) VALUES (45, 'S0031', 3, 110588);
INSERT INTO ChiTietHoaDon (MaHD, MaSach, SoLuong, DonGia) VALUES (45, 'S0072', 4, 114530);
INSERT INTO ChiTietHoaDon (MaHD, MaSach, SoLuong, DonGia) VALUES (45, 'S0028', 2, 224759);
INSERT INTO ChiTietHoaDon (MaHD, MaSach, SoLuong, DonGia) VALUES (45, 'S0013', 1, 332027);
INSERT INTO ChiTietHoaDon (MaHD, MaSach, SoLuong, DonGia) VALUES (46, 'S0012', 1, 329086);
INSERT INTO ChiTietHoaDon (MaHD, MaSach, SoLuong, DonGia) VALUES (46, 'S0027', 4, 295227);
INSERT INTO ChiTietHoaDon (MaHD, MaSach, SoLuong, DonGia) VALUES (46, 'S0078', 2, 135482);
INSERT INTO ChiTietHoaDon (MaHD, MaSach, SoLuong, DonGia) VALUES (46, 'S0076', 5, 411037);
INSERT INTO ChiTietHoaDon (MaHD, MaSach, SoLuong, DonGia) VALUES (46, 'S0025', 5, 334984);
INSERT INTO ChiTietHoaDon (MaHD, MaSach, SoLuong, DonGia) VALUES (47, 'S0016', 2, 495458);
INSERT INTO ChiTietHoaDon (MaHD, MaSach, SoLuong, DonGia) VALUES (47, 'S0098', 1, 82128);
INSERT INTO ChiTietHoaDon (MaHD, MaSach, SoLuong, DonGia) VALUES (48, 'S0082', 3, 376503);
INSERT INTO ChiTietHoaDon (MaHD, MaSach, SoLuong, DonGia) VALUES (48, 'S0060', 3, 191383);
INSERT INTO ChiTietHoaDon (MaHD, MaSach, SoLuong, DonGia) VALUES (48, 'S0065', 5, 476413);
INSERT INTO ChiTietHoaDon (MaHD, MaSach, SoLuong, DonGia) VALUES (49, 'S0063', 1, 330604);
INSERT INTO ChiTietHoaDon (MaHD, MaSach, SoLuong, DonGia) VALUES (49, 'S0071', 3, 406130);
INSERT INTO ChiTietHoaDon (MaHD, MaSach, SoLuong, DonGia) VALUES (49, 'S0078', 5, 308434);
INSERT INTO ChiTietHoaDon (MaHD, MaSach, SoLuong, DonGia) VALUES (49, 'S0069', 4, 90015);
INSERT INTO ChiTietHoaDon (MaHD, MaSach, SoLuong, DonGia) VALUES (50, 'S0010', 4, 156771);
INSERT INTO ChiTietHoaDon (MaHD, MaSach, SoLuong, DonGia) VALUES (50, 'S0039', 2, 256749);
INSERT INTO ChiTietHoaDon (MaHD, MaSach, SoLuong, DonGia) VALUES (50, 'S0028', 5, 52235);
INSERT INTO ChiTietHoaDon (MaHD, MaSach, SoLuong, DonGia) VALUES (50, 'S0069', 5, 282879);
INSERT INTO ChiTietHoaDon (MaHD, MaSach, SoLuong, DonGia) VALUES (51, 'S0024', 1, 489540);
INSERT INTO ChiTietHoaDon (MaHD, MaSach, SoLuong, DonGia) VALUES (51, 'S0098', 2, 393090);
INSERT INTO ChiTietHoaDon (MaHD, MaSach, SoLuong, DonGia) VALUES (52, 'S0037', 4, 126359);
INSERT INTO ChiTietHoaDon (MaHD, MaSach, SoLuong, DonGia) VALUES (52, 'S0008', 2, 425864);
INSERT INTO ChiTietHoaDon (MaHD, MaSach, SoLuong, DonGia) VALUES (52, 'S0010', 5, 173156);
INSERT INTO ChiTietHoaDon (MaHD, MaSach, SoLuong, DonGia) VALUES (52, 'S0036', 1, 310855);
INSERT INTO ChiTietHoaDon (MaHD, MaSach, SoLuong, DonGia) VALUES (53, 'S0014', 3, 430461);
INSERT INTO ChiTietHoaDon (MaHD, MaSach, SoLuong, DonGia) VALUES (53, 'S0047', 2, 158317);
INSERT INTO ChiTietHoaDon (MaHD, MaSach, SoLuong, DonGia) VALUES (53, 'S0080', 3, 208393);
INSERT INTO ChiTietHoaDon (MaHD, MaSach, SoLuong, DonGia) VALUES (53, 'S0085', 1, 233164);
INSERT INTO ChiTietHoaDon (MaHD, MaSach, SoLuong, DonGia) VALUES (54, 'S0071', 1, 60374);
INSERT INTO ChiTietHoaDon (MaHD, MaSach, SoLuong, DonGia) VALUES (54, 'S0048', 2, 120831);
INSERT INTO ChiTietHoaDon (MaHD, MaSach, SoLuong, DonGia) VALUES (54, 'S0044', 5, 464198);
INSERT INTO ChiTietHoaDon (MaHD, MaSach, SoLuong, DonGia) VALUES (55, 'S0017', 5, 222746);
INSERT INTO ChiTietHoaDon (MaHD, MaSach, SoLuong, DonGia) VALUES (55, 'S0080', 2, 104880);
INSERT INTO ChiTietHoaDon (MaHD, MaSach, SoLuong, DonGia) VALUES (55, 'S0022', 2, 407601);
INSERT INTO ChiTietHoaDon (MaHD, MaSach, SoLuong, DonGia) VALUES (55, 'S0086', 4, 216512);
INSERT INTO ChiTietHoaDon (MaHD, MaSach, SoLuong, DonGia) VALUES (56, 'S0016', 3, 381393);
INSERT INTO ChiTietHoaDon (MaHD, MaSach, SoLuong, DonGia) VALUES (56, 'S0027', 3, 63629);
INSERT INTO ChiTietHoaDon (MaHD, MaSach, SoLuong, DonGia) VALUES (56, 'S0075', 5, 371056);
INSERT INTO ChiTietHoaDon (MaHD, MaSach, SoLuong, DonGia) VALUES (57, 'S0100', 5, 167729);
INSERT INTO ChiTietHoaDon (MaHD, MaSach, SoLuong, DonGia) VALUES (57, 'S0032', 3, 100311);
INSERT INTO ChiTietHoaDon (MaHD, MaSach, SoLuong, DonGia) VALUES (57, 'S0015', 2, 404106);
INSERT INTO ChiTietHoaDon (MaHD, MaSach, SoLuong, DonGia) VALUES (57, 'S0058', 1, 240127);
INSERT INTO ChiTietHoaDon (MaHD, MaSach, SoLuong, DonGia) VALUES (57, 'S0075', 5, 361047);
INSERT INTO ChiTietHoaDon (MaHD, MaSach, SoLuong, DonGia) VALUES (58, 'S0076', 5, 280878);
INSERT INTO ChiTietHoaDon (MaHD, MaSach, SoLuong, DonGia) VALUES (58, 'S0003', 2, 147894);
INSERT INTO ChiTietHoaDon (MaHD, MaSach, SoLuong, DonGia) VALUES (59, 'S0012', 1, 258036);
INSERT INTO ChiTietHoaDon (MaHD, MaSach, SoLuong, DonGia) VALUES (59, 'S0077', 5, 209654);
INSERT INTO ChiTietHoaDon (MaHD, MaSach, SoLuong, DonGia) VALUES (59, 'S0062', 3, 439820);
INSERT INTO ChiTietHoaDon (MaHD, MaSach, SoLuong, DonGia) VALUES (59, 'S0098', 1, 290485);
INSERT INTO ChiTietHoaDon (MaHD, MaSach, SoLuong, DonGia) VALUES (60, 'S0039', 1, 65742);
INSERT INTO ChiTietHoaDon (MaHD, MaSach, SoLuong, DonGia) VALUES (60, 'S0027', 5, 382640);
INSERT INTO ChiTietHoaDon (MaHD, MaSach, SoLuong, DonGia) VALUES (60, 'S0003', 2, 311151);
INSERT INTO ChiTietHoaDon (MaHD, MaSach, SoLuong, DonGia) VALUES (60, 'S0068', 2, 112146);
INSERT INTO ChiTietHoaDon (MaHD, MaSach, SoLuong, DonGia) VALUES (61, 'S0004', 5, 243761);
INSERT INTO ChiTietHoaDon (MaHD, MaSach, SoLuong, DonGia) VALUES (61, 'S0044', 5, 203185);
INSERT INTO ChiTietHoaDon (MaHD, MaSach, SoLuong, DonGia) VALUES (61, 'S0018', 2, 56948);
INSERT INTO ChiTietHoaDon (MaHD, MaSach, SoLuong, DonGia) VALUES (61, 'S0050', 3, 53192);
INSERT INTO ChiTietHoaDon (MaHD, MaSach, SoLuong, DonGia) VALUES (62, 'S0082', 3, 241116);
INSERT INTO ChiTietHoaDon (MaHD, MaSach, SoLuong, DonGia) VALUES (62, 'S0030', 2, 174256);
INSERT INTO ChiTietHoaDon (MaHD, MaSach, SoLuong, DonGia) VALUES (62, 'S0055', 1, 190902);
INSERT INTO ChiTietHoaDon (MaHD, MaSach, SoLuong, DonGia) VALUES (62, 'S0022', 5, 106569);
INSERT INTO ChiTietHoaDon (MaHD, MaSach, SoLuong, DonGia) VALUES (62, 'S0086', 5, 71581);
INSERT INTO ChiTietHoaDon (MaHD, MaSach, SoLuong, DonGia) VALUES (63, 'S0096', 4, 251102);
INSERT INTO ChiTietHoaDon (MaHD, MaSach, SoLuong, DonGia) VALUES (63, 'S0085', 2, 143097);
INSERT INTO ChiTietHoaDon (MaHD, MaSach, SoLuong, DonGia) VALUES (63, 'S0058', 1, 431727);
INSERT INTO ChiTietHoaDon (MaHD, MaSach, SoLuong, DonGia) VALUES (63, 'S0008', 4, 465566);
INSERT INTO ChiTietHoaDon (MaHD, MaSach, SoLuong, DonGia) VALUES (64, 'S0079', 5, 273888);
INSERT INTO ChiTietHoaDon (MaHD, MaSach, SoLuong, DonGia) VALUES (64, 'S0087', 4, 127117);
INSERT INTO ChiTietHoaDon (MaHD, MaSach, SoLuong, DonGia) VALUES (64, 'S0038', 1, 372587);
INSERT INTO ChiTietHoaDon (MaHD, MaSach, SoLuong, DonGia) VALUES (64, 'S0056', 2, 487578);
INSERT INTO ChiTietHoaDon (MaHD, MaSach, SoLuong, DonGia) VALUES (64, 'S0074', 2, 80070);
INSERT INTO ChiTietHoaDon (MaHD, MaSach, SoLuong, DonGia) VALUES (65, 'S0013', 5, 124079);
INSERT INTO ChiTietHoaDon (MaHD, MaSach, SoLuong, DonGia) VALUES (65, 'S0061', 1, 431712);
INSERT INTO ChiTietHoaDon (MaHD, MaSach, SoLuong, DonGia) VALUES (65, 'S0093', 4, 236129);
INSERT INTO ChiTietHoaDon (MaHD, MaSach, SoLuong, DonGia) VALUES (65, 'S0001', 2, 250095);
INSERT INTO ChiTietHoaDon (MaHD, MaSach, SoLuong, DonGia) VALUES (65, 'S0010', 5, 219749);
INSERT INTO ChiTietHoaDon (MaHD, MaSach, SoLuong, DonGia) VALUES (66, 'S0065', 2, 498697);
INSERT INTO ChiTietHoaDon (MaHD, MaSach, SoLuong, DonGia) VALUES (66, 'S0013', 3, 470451);
INSERT INTO ChiTietHoaDon (MaHD, MaSach, SoLuong, DonGia) VALUES (66, 'S0007', 3, 260197);
INSERT INTO ChiTietHoaDon (MaHD, MaSach, SoLuong, DonGia) VALUES (67, 'S0087', 1, 346958);
INSERT INTO ChiTietHoaDon (MaHD, MaSach, SoLuong, DonGia) VALUES (67, 'S0060', 5, 310544);
INSERT INTO ChiTietHoaDon (MaHD, MaSach, SoLuong, DonGia) VALUES (67, 'S0003', 3, 50233);
INSERT INTO ChiTietHoaDon (MaHD, MaSach, SoLuong, DonGia) VALUES (67, 'S0091', 3, 236567);
INSERT INTO ChiTietHoaDon (MaHD, MaSach, SoLuong, DonGia) VALUES (67, 'S0062', 4, 153207);
INSERT INTO ChiTietHoaDon (MaHD, MaSach, SoLuong, DonGia) VALUES (68, 'S0057', 1, 115059);
INSERT INTO ChiTietHoaDon (MaHD, MaSach, SoLuong, DonGia) VALUES (68, 'S0070', 5, 317477);
INSERT INTO ChiTietHoaDon (MaHD, MaSach, SoLuong, DonGia) VALUES (69, 'S0029', 1, 279313);
INSERT INTO ChiTietHoaDon (MaHD, MaSach, SoLuong, DonGia) VALUES (69, 'S0001', 2, 77661);
INSERT INTO ChiTietHoaDon (MaHD, MaSach, SoLuong, DonGia) VALUES (69, 'S0016', 5, 427861);
INSERT INTO ChiTietHoaDon (MaHD, MaSach, SoLuong, DonGia) VALUES (70, 'S0020', 2, 193253);
INSERT INTO ChiTietHoaDon (MaHD, MaSach, SoLuong, DonGia) VALUES (70, 'S0054', 1, 490188);
INSERT INTO ChiTietHoaDon (MaHD, MaSach, SoLuong, DonGia) VALUES (71, 'S0019', 4, 498844);
INSERT INTO ChiTietHoaDon (MaHD, MaSach, SoLuong, DonGia) VALUES (71, 'S0028', 5, 196489);
INSERT INTO ChiTietHoaDon (MaHD, MaSach, SoLuong, DonGia) VALUES (71, 'S0048', 5, 463552);
INSERT INTO ChiTietHoaDon (MaHD, MaSach, SoLuong, DonGia) VALUES (71, 'S0038', 4, 497129);
INSERT INTO ChiTietHoaDon (MaHD, MaSach, SoLuong, DonGia) VALUES (71, 'S0001', 5, 356239);
INSERT INTO ChiTietHoaDon (MaHD, MaSach, SoLuong, DonGia) VALUES (72, 'S0066', 1, 160703);
INSERT INTO ChiTietHoaDon (MaHD, MaSach, SoLuong, DonGia) VALUES (72, 'S0004', 1, 195899);
INSERT INTO ChiTietHoaDon (MaHD, MaSach, SoLuong, DonGia) VALUES (72, 'S0022', 3, 208005);
INSERT INTO ChiTietHoaDon (MaHD, MaSach, SoLuong, DonGia) VALUES (72, 'S0077', 4, 296460);
INSERT INTO ChiTietHoaDon (MaHD, MaSach, SoLuong, DonGia) VALUES (72, 'S0042', 1, 413632);
INSERT INTO ChiTietHoaDon (MaHD, MaSach, SoLuong, DonGia) VALUES (73, 'S0013', 4, 195209);
INSERT INTO ChiTietHoaDon (MaHD, MaSach, SoLuong, DonGia) VALUES (73, 'S0034', 4, 326740);
INSERT INTO ChiTietHoaDon (MaHD, MaSach, SoLuong, DonGia) VALUES (73, 'S0053', 4, 222823);
INSERT INTO ChiTietHoaDon (MaHD, MaSach, SoLuong, DonGia) VALUES (73, 'S0096', 1, 130656);
INSERT INTO ChiTietHoaDon (MaHD, MaSach, SoLuong, DonGia) VALUES (73, 'S0001', 3, 247699);
INSERT INTO ChiTietHoaDon (MaHD, MaSach, SoLuong, DonGia) VALUES (74, 'S0001', 1, 448898);
INSERT INTO ChiTietHoaDon (MaHD, MaSach, SoLuong, DonGia) VALUES (74, 'S0083', 2, 219275);
INSERT INTO ChiTietHoaDon (MaHD, MaSach, SoLuong, DonGia) VALUES (74, 'S0041', 4, 354639);
INSERT INTO ChiTietHoaDon (MaHD, MaSach, SoLuong, DonGia) VALUES (75, 'S0093', 1, 264344);
INSERT INTO ChiTietHoaDon (MaHD, MaSach, SoLuong, DonGia) VALUES (75, 'S0053', 5, 429069);
INSERT INTO ChiTietHoaDon (MaHD, MaSach, SoLuong, DonGia) VALUES (75, 'S0100', 1, 441144);
INSERT INTO ChiTietHoaDon (MaHD, MaSach, SoLuong, DonGia) VALUES (75, 'S0089', 5, 399302);
INSERT INTO ChiTietHoaDon (MaHD, MaSach, SoLuong, DonGia) VALUES (76, 'S0088', 1, 443616);
INSERT INTO ChiTietHoaDon (MaHD, MaSach, SoLuong, DonGia) VALUES (76, 'S0060', 2, 153761);
INSERT INTO ChiTietHoaDon (MaHD, MaSach, SoLuong, DonGia) VALUES (76, 'S0014', 3, 158601);
INSERT INTO ChiTietHoaDon (MaHD, MaSach, SoLuong, DonGia) VALUES (76, 'S0032', 2, 365683);
INSERT INTO ChiTietHoaDon (MaHD, MaSach, SoLuong, DonGia) VALUES (77, 'S0086', 2, 306480);
INSERT INTO ChiTietHoaDon (MaHD, MaSach, SoLuong, DonGia) VALUES (77, 'S0061', 1, 153837);
INSERT INTO ChiTietHoaDon (MaHD, MaSach, SoLuong, DonGia) VALUES (78, 'S0085', 3, 350611);
INSERT INTO ChiTietHoaDon (MaHD, MaSach, SoLuong, DonGia) VALUES (78, 'S0007', 1, 431256);
INSERT INTO ChiTietHoaDon (MaHD, MaSach, SoLuong, DonGia) VALUES (78, 'S0071', 5, 254496);
INSERT INTO ChiTietHoaDon (MaHD, MaSach, SoLuong, DonGia) VALUES (79, 'S0096', 4, 139250);
INSERT INTO ChiTietHoaDon (MaHD, MaSach, SoLuong, DonGia) VALUES (79, 'S0002', 3, 181999);
INSERT INTO ChiTietHoaDon (MaHD, MaSach, SoLuong, DonGia) VALUES (79, 'S0098', 3, 126146);
INSERT INTO ChiTietHoaDon (MaHD, MaSach, SoLuong, DonGia) VALUES (80, 'S0059', 4, 357305);
INSERT INTO ChiTietHoaDon (MaHD, MaSach, SoLuong, DonGia) VALUES (80, 'S0100', 4, 85859);
INSERT INTO ChiTietHoaDon (MaHD, MaSach, SoLuong, DonGia) VALUES (80, 'S0043', 5, 297102);
INSERT INTO ChiTietHoaDon (MaHD, MaSach, SoLuong, DonGia) VALUES (80, 'S0005', 3, 54597);
INSERT INTO ChiTietHoaDon (MaHD, MaSach, SoLuong, DonGia) VALUES (80, 'S0065', 3, 449711);
INSERT INTO ChiTietHoaDon (MaHD, MaSach, SoLuong, DonGia) VALUES (81, 'S0008', 5, 495061);
INSERT INTO ChiTietHoaDon (MaHD, MaSach, SoLuong, DonGia) VALUES (81, 'S0043', 3, 463837);
INSERT INTO ChiTietHoaDon (MaHD, MaSach, SoLuong, DonGia) VALUES (81, 'S0048', 4, 78039);
INSERT INTO ChiTietHoaDon (MaHD, MaSach, SoLuong, DonGia) VALUES (81, 'S0065', 3, 482538);
INSERT INTO ChiTietHoaDon (MaHD, MaSach, SoLuong, DonGia) VALUES (81, 'S0018', 2, 303200);
INSERT INTO ChiTietHoaDon (MaHD, MaSach, SoLuong, DonGia) VALUES (82, 'S0086', 2, 150828);
INSERT INTO ChiTietHoaDon (MaHD, MaSach, SoLuong, DonGia) VALUES (82, 'S0085', 5, 271060);
INSERT INTO ChiTietHoaDon (MaHD, MaSach, SoLuong, DonGia) VALUES (82, 'S0072', 4, 335243);
INSERT INTO ChiTietHoaDon (MaHD, MaSach, SoLuong, DonGia) VALUES (82, 'S0011', 5, 467752);
INSERT INTO ChiTietHoaDon (MaHD, MaSach, SoLuong, DonGia) VALUES (83, 'S0023', 4, 488612);
INSERT INTO ChiTietHoaDon (MaHD, MaSach, SoLuong, DonGia) VALUES (83, 'S0084', 2, 473264);
INSERT INTO ChiTietHoaDon (MaHD, MaSach, SoLuong, DonGia) VALUES (83, 'S0002', 4, 395420);
INSERT INTO ChiTietHoaDon (MaHD, MaSach, SoLuong, DonGia) VALUES (84, 'S0033', 4, 53600);
INSERT INTO ChiTietHoaDon (MaHD, MaSach, SoLuong, DonGia) VALUES (84, 'S0086', 5, 485341);
INSERT INTO ChiTietHoaDon (MaHD, MaSach, SoLuong, DonGia) VALUES (84, 'S0005', 3, 301145);
INSERT INTO ChiTietHoaDon (MaHD, MaSach, SoLuong, DonGia) VALUES (84, 'S0096', 2, 258106);
INSERT INTO ChiTietHoaDon (MaHD, MaSach, SoLuong, DonGia) VALUES (85, 'S0085', 4, 212888);
INSERT INTO ChiTietHoaDon (MaHD, MaSach, SoLuong, DonGia) VALUES (85, 'S0015', 2, 65498);
INSERT INTO ChiTietHoaDon (MaHD, MaSach, SoLuong, DonGia) VALUES (85, 'S0098', 3, 105684);
INSERT INTO ChiTietHoaDon (MaHD, MaSach, SoLuong, DonGia) VALUES (86, 'S0009', 5, 86519);
INSERT INTO ChiTietHoaDon (MaHD, MaSach, SoLuong, DonGia) VALUES (86, 'S0061', 2, 82967);
INSERT INTO ChiTietHoaDon (MaHD, MaSach, SoLuong, DonGia) VALUES (86, 'S0088', 5, 386335);
INSERT INTO ChiTietHoaDon (MaHD, MaSach, SoLuong, DonGia) VALUES (86, 'S0040', 3, 379993);
INSERT INTO ChiTietHoaDon (MaHD, MaSach, SoLuong, DonGia) VALUES (86, 'S0041', 3, 162931);
INSERT INTO ChiTietHoaDon (MaHD, MaSach, SoLuong, DonGia) VALUES (87, 'S0089', 4, 59351);
INSERT INTO ChiTietHoaDon (MaHD, MaSach, SoLuong, DonGia) VALUES (87, 'S0003', 4, 122639);
INSERT INTO ChiTietHoaDon (MaHD, MaSach, SoLuong, DonGia) VALUES (87, 'S0025', 5, 387802);
INSERT INTO ChiTietHoaDon (MaHD, MaSach, SoLuong, DonGia) VALUES (88, 'S0045', 2, 367560);
INSERT INTO ChiTietHoaDon (MaHD, MaSach, SoLuong, DonGia) VALUES (88, 'S0091', 3, 401518);
INSERT INTO ChiTietHoaDon (MaHD, MaSach, SoLuong, DonGia) VALUES (89, 'S0083', 3, 415801);
INSERT INTO ChiTietHoaDon (MaHD, MaSach, SoLuong, DonGia) VALUES (89, 'S0003', 2, 141483);
INSERT INTO ChiTietHoaDon (MaHD, MaSach, SoLuong, DonGia) VALUES (89, 'S0021', 4, 496328);
INSERT INTO ChiTietHoaDon (MaHD, MaSach, SoLuong, DonGia) VALUES (89, 'S0080', 3, 242170);
INSERT INTO ChiTietHoaDon (MaHD, MaSach, SoLuong, DonGia) VALUES (89, 'S0038', 1, 312692);
INSERT INTO ChiTietHoaDon (MaHD, MaSach, SoLuong, DonGia) VALUES (90, 'S0075', 1, 103876);
INSERT INTO ChiTietHoaDon (MaHD, MaSach, SoLuong, DonGia) VALUES (90, 'S0029', 4, 65057);
INSERT INTO ChiTietHoaDon (MaHD, MaSach, SoLuong, DonGia) VALUES (90, 'S0045', 2, 431493);
INSERT INTO ChiTietHoaDon (MaHD, MaSach, SoLuong, DonGia) VALUES (90, 'S0069', 2, 449833);
INSERT INTO ChiTietHoaDon (MaHD, MaSach, SoLuong, DonGia) VALUES (90, 'S0022', 2, 367865);
INSERT INTO ChiTietHoaDon (MaHD, MaSach, SoLuong, DonGia) VALUES (91, 'S0029', 4, 301718);
INSERT INTO ChiTietHoaDon (MaHD, MaSach, SoLuong, DonGia) VALUES (91, 'S0062', 2, 308915);
INSERT INTO ChiTietHoaDon (MaHD, MaSach, SoLuong, DonGia) VALUES (92, 'S0003', 3, 224056);
INSERT INTO ChiTietHoaDon (MaHD, MaSach, SoLuong, DonGia) VALUES (92, 'S0095', 3, 279571);
INSERT INTO ChiTietHoaDon (MaHD, MaSach, SoLuong, DonGia) VALUES (92, 'S0058', 2, 450747);
INSERT INTO ChiTietHoaDon (MaHD, MaSach, SoLuong, DonGia) VALUES (92, 'S0036', 4, 83620);
INSERT INTO ChiTietHoaDon (MaHD, MaSach, SoLuong, DonGia) VALUES (92, 'S0012', 3, 488351);
INSERT INTO ChiTietHoaDon (MaHD, MaSach, SoLuong, DonGia) VALUES (93, 'S0096', 3, 399573);
INSERT INTO ChiTietHoaDon (MaHD, MaSach, SoLuong, DonGia) VALUES (93, 'S0084', 2, 459986);
INSERT INTO ChiTietHoaDon (MaHD, MaSach, SoLuong, DonGia) VALUES (93, 'S0059', 1, 100326);
INSERT INTO ChiTietHoaDon (MaHD, MaSach, SoLuong, DonGia) VALUES (93, 'S0094', 4, 320621);
INSERT INTO ChiTietHoaDon (MaHD, MaSach, SoLuong, DonGia) VALUES (93, 'S0057', 4, 359557);
INSERT INTO ChiTietHoaDon (MaHD, MaSach, SoLuong, DonGia) VALUES (94, 'S0051', 2, 351337);
INSERT INTO ChiTietHoaDon (MaHD, MaSach, SoLuong, DonGia) VALUES (94, 'S0070', 5, 319325);
INSERT INTO ChiTietHoaDon (MaHD, MaSach, SoLuong, DonGia) VALUES (95, 'S0009', 2, 276386);
INSERT INTO ChiTietHoaDon (MaHD, MaSach, SoLuong, DonGia) VALUES (95, 'S0092', 2, 376641);
INSERT INTO ChiTietHoaDon (MaHD, MaSach, SoLuong, DonGia) VALUES (95, 'S0067', 5, 323673);
INSERT INTO ChiTietHoaDon (MaHD, MaSach, SoLuong, DonGia) VALUES (95, 'S0095', 3, 346424);
INSERT INTO ChiTietHoaDon (MaHD, MaSach, SoLuong, DonGia) VALUES (96, 'S0094', 3, 344116);
INSERT INTO ChiTietHoaDon (MaHD, MaSach, SoLuong, DonGia) VALUES (96, 'S0063', 1, 275901);
INSERT INTO ChiTietHoaDon (MaHD, MaSach, SoLuong, DonGia) VALUES (96, 'S0079', 2, 53666);
INSERT INTO ChiTietHoaDon (MaHD, MaSach, SoLuong, DonGia) VALUES (96, 'S0054', 1, 278184);
INSERT INTO ChiTietHoaDon (MaHD, MaSach, SoLuong, DonGia) VALUES (97, 'S0093', 2, 378783);
INSERT INTO ChiTietHoaDon (MaHD, MaSach, SoLuong, DonGia) VALUES (97, 'S0071', 3, 145572);
INSERT INTO ChiTietHoaDon (MaHD, MaSach, SoLuong, DonGia) VALUES (97, 'S0029', 1, 461706);
INSERT INTO ChiTietHoaDon (MaHD, MaSach, SoLuong, DonGia) VALUES (97, 'S0030', 2, 335616);
INSERT INTO ChiTietHoaDon (MaHD, MaSach, SoLuong, DonGia) VALUES (97, 'S0060', 2, 181760);
INSERT INTO ChiTietHoaDon (MaHD, MaSach, SoLuong, DonGia) VALUES (98, 'S0070', 5, 270407);
INSERT INTO ChiTietHoaDon (MaHD, MaSach, SoLuong, DonGia) VALUES (98, 'S0045', 3, 168087);
INSERT INTO ChiTietHoaDon (MaHD, MaSach, SoLuong, DonGia) VALUES (98, 'S0077', 3, 467022);
INSERT INTO ChiTietHoaDon (MaHD, MaSach, SoLuong, DonGia) VALUES (98, 'S0079', 1, 151212);
INSERT INTO ChiTietHoaDon (MaHD, MaSach, SoLuong, DonGia) VALUES (98, 'S0092', 4, 448079);
INSERT INTO ChiTietHoaDon (MaHD, MaSach, SoLuong, DonGia) VALUES (99, 'S0059', 1, 442653);
INSERT INTO ChiTietHoaDon (MaHD, MaSach, SoLuong, DonGia) VALUES (99, 'S0003', 2, 351832);
INSERT INTO ChiTietHoaDon (MaHD, MaSach, SoLuong, DonGia) VALUES (100, 'S0013', 1, 368167);
INSERT INTO ChiTietHoaDon (MaHD, MaSach, SoLuong, DonGia) VALUES (100, 'S0029', 5, 140475);
INSERT INTO ChiTietHoaDon (MaHD, MaSach, SoLuong, DonGia) VALUES (100, 'S0067', 3, 306062);


-- delete from PhieuNhap
-- Chi tiet phieu nhap
SET IDENTITY_INSERT PhieuNhap ON;
INSERT INTO PhieuNhap (MaPhieuNhap, NgayNhap, TongChiPhi, MaNV, MaNCC) VALUES (1, '2024-05-22', 342320, 'NV011', 'NCC007');
INSERT INTO PhieuNhap (MaPhieuNhap, NgayNhap, TongChiPhi, MaNV, MaNCC) VALUES (2, '2024-05-26', 769297, 'NV075', 'NCC031');
INSERT INTO PhieuNhap (MaPhieuNhap, NgayNhap, TongChiPhi, MaNV, MaNCC) VALUES (3, '2024-04-12', 858012, 'NV058', 'NCC017');
INSERT INTO PhieuNhap (MaPhieuNhap, NgayNhap, TongChiPhi, MaNV, MaNCC) VALUES (4, '2024-05-14', 344199, 'NV026', 'NCC044');
INSERT INTO PhieuNhap (MaPhieuNhap, NgayNhap, TongChiPhi, MaNV, MaNCC) VALUES (5, '2024-04-24', 718606, 'NV014', 'NCC048');
INSERT INTO PhieuNhap (MaPhieuNhap, NgayNhap, TongChiPhi, MaNV, MaNCC) VALUES (6, '2024-05-31', 510046, 'NV012', 'NCC045');
INSERT INTO PhieuNhap (MaPhieuNhap, NgayNhap, TongChiPhi, MaNV, MaNCC) VALUES (7, '2024-04-20', 147353, 'NV025', 'NCC016');
INSERT INTO PhieuNhap (MaPhieuNhap, NgayNhap, TongChiPhi, MaNV, MaNCC) VALUES (8, '2024-05-22', 571185, 'NV085', 'NCC043');
INSERT INTO PhieuNhap (MaPhieuNhap, NgayNhap, TongChiPhi, MaNV, MaNCC) VALUES (9, '2024-04-10', 195945, 'NV014', 'NCC014');
INSERT INTO PhieuNhap (MaPhieuNhap, NgayNhap, TongChiPhi, MaNV, MaNCC) VALUES (10, '2024-05-14', 299721, 'NV031', 'NCC033');
INSERT INTO PhieuNhap (MaPhieuNhap, NgayNhap, TongChiPhi, MaNV, MaNCC) VALUES (11, '2024-05-18', 706671, 'NV070', 'NCC018');
INSERT INTO PhieuNhap (MaPhieuNhap, NgayNhap, TongChiPhi, MaNV, MaNCC) VALUES (12, '2024-05-30', 663513, 'NV001', 'NCC025');
INSERT INTO PhieuNhap (MaPhieuNhap, NgayNhap, TongChiPhi, MaNV, MaNCC) VALUES (13, '2024-05-16', 617115, 'NV019', 'NCC021');
INSERT INTO PhieuNhap (MaPhieuNhap, NgayNhap, TongChiPhi, MaNV, MaNCC) VALUES (14, '2024-04-11', 150921, 'NV095', 'NCC021');
INSERT INTO PhieuNhap (MaPhieuNhap, NgayNhap, TongChiPhi, MaNV, MaNCC) VALUES (15, '2024-04-15', 416604, 'NV097', 'NCC023');
INSERT INTO PhieuNhap (MaPhieuNhap, NgayNhap, TongChiPhi, MaNV, MaNCC) VALUES (16, '2024-05-04', 811456, 'NV068', 'NCC018');
INSERT INTO PhieuNhap (MaPhieuNhap, NgayNhap, TongChiPhi, MaNV, MaNCC) VALUES (17, '2024-05-29', 136490, 'NV069', 'NCC017');
INSERT INTO PhieuNhap (MaPhieuNhap, NgayNhap, TongChiPhi, MaNV, MaNCC) VALUES (18, '2024-04-14', 301387, 'NV057', 'NCC034');
INSERT INTO PhieuNhap (MaPhieuNhap, NgayNhap, TongChiPhi, MaNV, MaNCC) VALUES (19, '2024-04-30', 515194, 'NV094', 'NCC016');
INSERT INTO PhieuNhap (MaPhieuNhap, NgayNhap, TongChiPhi, MaNV, MaNCC) VALUES (20, '2024-05-23', 706746, 'NV012', 'NCC017');
INSERT INTO PhieuNhap (MaPhieuNhap, NgayNhap, TongChiPhi, MaNV, MaNCC) VALUES (21, '2024-05-17', 545189, 'NV086', 'NCC019');
INSERT INTO PhieuNhap (MaPhieuNhap, NgayNhap, TongChiPhi, MaNV, MaNCC) VALUES (22, '2024-05-30', 527722, 'NV083', 'NCC021');
INSERT INTO PhieuNhap (MaPhieuNhap, NgayNhap, TongChiPhi, MaNV, MaNCC) VALUES (23, '2024-05-31', 716149, 'NV077', 'NCC043');
INSERT INTO PhieuNhap (MaPhieuNhap, NgayNhap, TongChiPhi, MaNV, MaNCC) VALUES (24, '2024-04-13', 551896, 'NV070', 'NCC048');
INSERT INTO PhieuNhap (MaPhieuNhap, NgayNhap, TongChiPhi, MaNV, MaNCC) VALUES (25, '2024-04-03', 198717, 'NV075', 'NCC021');
INSERT INTO PhieuNhap (MaPhieuNhap, NgayNhap, TongChiPhi, MaNV, MaNCC) VALUES (26, '2024-05-14', 861399, 'NV081', 'NCC017');
INSERT INTO PhieuNhap (MaPhieuNhap, NgayNhap, TongChiPhi, MaNV, MaNCC) VALUES (27, '2024-04-08', 549476, 'NV015', 'NCC047');
INSERT INTO PhieuNhap (MaPhieuNhap, NgayNhap, TongChiPhi, MaNV, MaNCC) VALUES (28, '2024-04-03', 826232, 'NV032', 'NCC049');
INSERT INTO PhieuNhap (MaPhieuNhap, NgayNhap, TongChiPhi, MaNV, MaNCC) VALUES (29, '2024-05-06', 868251, 'NV053', 'NCC007');
INSERT INTO PhieuNhap (MaPhieuNhap, NgayNhap, TongChiPhi, MaNV, MaNCC) VALUES (30, '2024-04-24', 785909, 'NV058', 'NCC007');
INSERT INTO PhieuNhap (MaPhieuNhap, NgayNhap, TongChiPhi, MaNV, MaNCC) VALUES (31, '2024-04-18', 585253, 'NV075', 'NCC043');
INSERT INTO PhieuNhap (MaPhieuNhap, NgayNhap, TongChiPhi, MaNV, MaNCC) VALUES (32, '2024-04-24', 311953, 'NV059', 'NCC030');
INSERT INTO PhieuNhap (MaPhieuNhap, NgayNhap, TongChiPhi, MaNV, MaNCC) VALUES (33, '2024-05-20', 159923, 'NV071', 'NCC031');
INSERT INTO PhieuNhap (MaPhieuNhap, NgayNhap, TongChiPhi, MaNV, MaNCC) VALUES (34, '2024-04-08', 348574, 'NV092', 'NCC029');
INSERT INTO PhieuNhap (MaPhieuNhap, NgayNhap, TongChiPhi, MaNV, MaNCC) VALUES (35, '2024-05-16', 147343, 'NV073', 'NCC033');
INSERT INTO PhieuNhap (MaPhieuNhap, NgayNhap, TongChiPhi, MaNV, MaNCC) VALUES (36, '2024-04-15', 671870, 'NV009', 'NCC017');
INSERT INTO PhieuNhap (MaPhieuNhap, NgayNhap, TongChiPhi, MaNV, MaNCC) VALUES (37, '2024-05-23', 137280, 'NV086', 'NCC017');
INSERT INTO PhieuNhap (MaPhieuNhap, NgayNhap, TongChiPhi, MaNV, MaNCC) VALUES (38, '2024-05-05', 619650, 'NV027', 'NCC013');
INSERT INTO PhieuNhap (MaPhieuNhap, NgayNhap, TongChiPhi, MaNV, MaNCC) VALUES (39, '2024-04-22', 616152, 'NV060', 'NCC043');
INSERT INTO PhieuNhap (MaPhieuNhap, NgayNhap, TongChiPhi, MaNV, MaNCC) VALUES (40, '2024-04-29', 136195, 'NV072', 'NCC007');
INSERT INTO PhieuNhap (MaPhieuNhap, NgayNhap, TongChiPhi, MaNV, MaNCC) VALUES (41, '2024-05-16', 602926, 'NV033', 'NCC009');
INSERT INTO PhieuNhap (MaPhieuNhap, NgayNhap, TongChiPhi, MaNV, MaNCC) VALUES (42, '2024-04-14', 798588, 'NV030', 'NCC012');
INSERT INTO PhieuNhap (MaPhieuNhap, NgayNhap, TongChiPhi, MaNV, MaNCC) VALUES (43, '2024-05-19', 329053, 'NV079', 'NCC022');
INSERT INTO PhieuNhap (MaPhieuNhap, NgayNhap, TongChiPhi, MaNV, MaNCC) VALUES (44, '2024-05-31', 545906, 'NV016', 'NCC028');
INSERT INTO PhieuNhap (MaPhieuNhap, NgayNhap, TongChiPhi, MaNV, MaNCC) VALUES (45, '2024-05-15', 399176, 'NV063', 'NCC006');
INSERT INTO PhieuNhap (MaPhieuNhap, NgayNhap, TongChiPhi, MaNV, MaNCC) VALUES (46, '2024-04-05', 461651, 'NV017', 'NCC018');
INSERT INTO PhieuNhap (MaPhieuNhap, NgayNhap, TongChiPhi, MaNV, MaNCC) VALUES (47, '2024-05-09', 439952, 'NV027', 'NCC030');
INSERT INTO PhieuNhap (MaPhieuNhap, NgayNhap, TongChiPhi, MaNV, MaNCC) VALUES (48, '2024-05-21', 709494, 'NV069', 'NCC022');
INSERT INTO PhieuNhap (MaPhieuNhap, NgayNhap, TongChiPhi, MaNV, MaNCC) VALUES (49, '2024-04-13', 741018, 'NV067', 'NCC001');
INSERT INTO PhieuNhap (MaPhieuNhap, NgayNhap, TongChiPhi, MaNV, MaNCC) VALUES (50, '2024-05-12', 574599, 'NV011', 'NCC009');
INSERT INTO PhieuNhap (MaPhieuNhap, NgayNhap, TongChiPhi, MaNV, MaNCC) VALUES (51, '2024-04-25', 719755, 'NV066', 'NCC040');
INSERT INTO PhieuNhap (MaPhieuNhap, NgayNhap, TongChiPhi, MaNV, MaNCC) VALUES (52, '2024-04-15', 604879, 'NV022', 'NCC008');
INSERT INTO PhieuNhap (MaPhieuNhap, NgayNhap, TongChiPhi, MaNV, MaNCC) VALUES (53, '2024-05-13', 703708, 'NV057', 'NCC002');
INSERT INTO PhieuNhap (MaPhieuNhap, NgayNhap, TongChiPhi, MaNV, MaNCC) VALUES (54, '2024-04-07', 898558, 'NV061', 'NCC018');
INSERT INTO PhieuNhap (MaPhieuNhap, NgayNhap, TongChiPhi, MaNV, MaNCC) VALUES (55, '2024-04-05', 535881, 'NV017', 'NCC045');
INSERT INTO PhieuNhap (MaPhieuNhap, NgayNhap, TongChiPhi, MaNV, MaNCC) VALUES (56, '2024-04-27', 799677, 'NV013', 'NCC017');
INSERT INTO PhieuNhap (MaPhieuNhap, NgayNhap, TongChiPhi, MaNV, MaNCC) VALUES (57, '2024-04-19', 271191, 'NV070', 'NCC022');
INSERT INTO PhieuNhap (MaPhieuNhap, NgayNhap, TongChiPhi, MaNV, MaNCC) VALUES (58, '2024-04-17', 539288, 'NV015', 'NCC029');
INSERT INTO PhieuNhap (MaPhieuNhap, NgayNhap, TongChiPhi, MaNV, MaNCC) VALUES (59, '2024-04-06', 824101, 'NV025', 'NCC039');
INSERT INTO PhieuNhap (MaPhieuNhap, NgayNhap, TongChiPhi, MaNV, MaNCC) VALUES (60, '2024-04-04', 135239, 'NV071', 'NCC037');
INSERT INTO PhieuNhap (MaPhieuNhap, NgayNhap, TongChiPhi, MaNV, MaNCC) VALUES (61, '2024-05-19', 313279, 'NV006', 'NCC025');
INSERT INTO PhieuNhap (MaPhieuNhap, NgayNhap, TongChiPhi, MaNV, MaNCC) VALUES (62, '2024-05-28', 476683, 'NV010', 'NCC008');
INSERT INTO PhieuNhap (MaPhieuNhap, NgayNhap, TongChiPhi, MaNV, MaNCC) VALUES (63, '2024-05-11', 846951, 'NV020', 'NCC015');
INSERT INTO PhieuNhap (MaPhieuNhap, NgayNhap, TongChiPhi, MaNV, MaNCC) VALUES (64, '2024-05-13', 861373, 'NV020', 'NCC017');
INSERT INTO PhieuNhap (MaPhieuNhap, NgayNhap, TongChiPhi, MaNV, MaNCC) VALUES (65, '2024-04-12', 556324, 'NV095', 'NCC011');
INSERT INTO PhieuNhap (MaPhieuNhap, NgayNhap, TongChiPhi, MaNV, MaNCC) VALUES (66, '2024-04-01', 182669, 'NV024', 'NCC024');
INSERT INTO PhieuNhap (MaPhieuNhap, NgayNhap, TongChiPhi, MaNV, MaNCC) VALUES (67, '2024-04-05', 785452, 'NV066', 'NCC011');
INSERT INTO PhieuNhap (MaPhieuNhap, NgayNhap, TongChiPhi, MaNV, MaNCC) VALUES (68, '2024-05-08', 200281, 'NV100', 'NCC009');
INSERT INTO PhieuNhap (MaPhieuNhap, NgayNhap, TongChiPhi, MaNV, MaNCC) VALUES (69, '2024-05-01', 295406, 'NV038', 'NCC009');
INSERT INTO PhieuNhap (MaPhieuNhap, NgayNhap, TongChiPhi, MaNV, MaNCC) VALUES (70, '2024-05-17', 694838, 'NV096', 'NCC015');
INSERT INTO PhieuNhap (MaPhieuNhap, NgayNhap, TongChiPhi, MaNV, MaNCC) VALUES (71, '2024-05-21', 743836, 'NV052', 'NCC014');
INSERT INTO PhieuNhap (MaPhieuNhap, NgayNhap, TongChiPhi, MaNV, MaNCC) VALUES (72, '2024-04-08', 329230, 'NV035', 'NCC015');
INSERT INTO PhieuNhap (MaPhieuNhap, NgayNhap, TongChiPhi, MaNV, MaNCC) VALUES (73, '2024-04-11', 584251, 'NV088', 'NCC002');
INSERT INTO PhieuNhap (MaPhieuNhap, NgayNhap, TongChiPhi, MaNV, MaNCC) VALUES (74, '2024-05-10', 405491, 'NV097', 'NCC019');
INSERT INTO PhieuNhap (MaPhieuNhap, NgayNhap, TongChiPhi, MaNV, MaNCC) VALUES (75, '2024-05-30', 172157, 'NV026', 'NCC025');
INSERT INTO PhieuNhap (MaPhieuNhap, NgayNhap, TongChiPhi, MaNV, MaNCC) VALUES (76, '2024-05-12', 530471, 'NV051', 'NCC024');
INSERT INTO PhieuNhap (MaPhieuNhap, NgayNhap, TongChiPhi, MaNV, MaNCC) VALUES (77, '2024-05-08', 523927, 'NV027', 'NCC004');
INSERT INTO PhieuNhap (MaPhieuNhap, NgayNhap, TongChiPhi, MaNV, MaNCC) VALUES (78, '2024-04-28', 511714, 'NV082', 'NCC025');
INSERT INTO PhieuNhap (MaPhieuNhap, NgayNhap, TongChiPhi, MaNV, MaNCC) VALUES (79, '2024-04-07', 521869, 'NV083', 'NCC008');
INSERT INTO PhieuNhap (MaPhieuNhap, NgayNhap, TongChiPhi, MaNV, MaNCC) VALUES (80, '2024-05-23', 177263, 'NV065', 'NCC015');
INSERT INTO PhieuNhap (MaPhieuNhap, NgayNhap, TongChiPhi, MaNV, MaNCC) VALUES (81, '2024-04-16', 132973, 'NV030', 'NCC006');
INSERT INTO PhieuNhap (MaPhieuNhap, NgayNhap, TongChiPhi, MaNV, MaNCC) VALUES (82, '2024-05-23', 455775, 'NV081', 'NCC047');
INSERT INTO PhieuNhap (MaPhieuNhap, NgayNhap, TongChiPhi, MaNV, MaNCC) VALUES (83, '2024-05-05', 314487, 'NV026', 'NCC050');
INSERT INTO PhieuNhap (MaPhieuNhap, NgayNhap, TongChiPhi, MaNV, MaNCC) VALUES (84, '2024-05-10', 370034, 'NV034', 'NCC018');
INSERT INTO PhieuNhap (MaPhieuNhap, NgayNhap, TongChiPhi, MaNV, MaNCC) VALUES (85, '2024-05-22', 894063, 'NV039', 'NCC005');
INSERT INTO PhieuNhap (MaPhieuNhap, NgayNhap, TongChiPhi, MaNV, MaNCC) VALUES (86, '2024-05-11', 853210, 'NV076', 'NCC028');
INSERT INTO PhieuNhap (MaPhieuNhap, NgayNhap, TongChiPhi, MaNV, MaNCC) VALUES (87, '2024-04-04', 723458, 'NV083', 'NCC050');
INSERT INTO PhieuNhap (MaPhieuNhap, NgayNhap, TongChiPhi, MaNV, MaNCC) VALUES (88, '2024-04-04', 218410, 'NV013', 'NCC006');
INSERT INTO PhieuNhap (MaPhieuNhap, NgayNhap, TongChiPhi, MaNV, MaNCC) VALUES (89, '2024-04-29', 294899, 'NV072', 'NCC009');
INSERT INTO PhieuNhap (MaPhieuNhap, NgayNhap, TongChiPhi, MaNV, MaNCC) VALUES (90, '2024-04-25', 150895, 'NV069', 'NCC048');
INSERT INTO PhieuNhap (MaPhieuNhap, NgayNhap, TongChiPhi, MaNV, MaNCC) VALUES (91, '2024-05-17', 522825, 'NV092', 'NCC045');
INSERT INTO PhieuNhap (MaPhieuNhap, NgayNhap, TongChiPhi, MaNV, MaNCC) VALUES (92, '2024-05-07', 521628, 'NV016', 'NCC037');
INSERT INTO PhieuNhap (MaPhieuNhap, NgayNhap, TongChiPhi, MaNV, MaNCC) VALUES (93, '2024-05-22', 326979, 'NV051', 'NCC007');
INSERT INTO PhieuNhap (MaPhieuNhap, NgayNhap, TongChiPhi, MaNV, MaNCC) VALUES (94, '2024-04-09', 782844, 'NV078', 'NCC047');
INSERT INTO PhieuNhap (MaPhieuNhap, NgayNhap, TongChiPhi, MaNV, MaNCC) VALUES (95, '2024-04-05', 485994, 'NV072', 'NCC049');
INSERT INTO PhieuNhap (MaPhieuNhap, NgayNhap, TongChiPhi, MaNV, MaNCC) VALUES (96, '2024-05-03', 550601, 'NV018', 'NCC015');
INSERT INTO PhieuNhap (MaPhieuNhap, NgayNhap, TongChiPhi, MaNV, MaNCC) VALUES (97, '2024-04-08', 833257, 'NV092', 'NCC048');
INSERT INTO PhieuNhap (MaPhieuNhap, NgayNhap, TongChiPhi, MaNV, MaNCC) VALUES (98, '2024-04-12', 336361, 'NV039', 'NCC043');
INSERT INTO PhieuNhap (MaPhieuNhap, NgayNhap, TongChiPhi, MaNV, MaNCC) VALUES (99, '2024-04-14', 392196, 'NV060', 'NCC031');
INSERT INTO PhieuNhap (MaPhieuNhap, NgayNhap, TongChiPhi, MaNV, MaNCC) VALUES (100, '2024-05-24', 581283, 'NV015', 'NCC012');
SET IDENTITY_INSERT PhieuNhap OFF;



--Phieu Nhap
INSERT INTO ChiTietPhieuNhap (MaPhieuNhap, MaSach, SoLuong, GiaNhap) VALUES (1, 'S0050', 6, 29759);
INSERT INTO ChiTietPhieuNhap (MaPhieuNhap, MaSach, SoLuong, GiaNhap) VALUES (1, 'S0048', 23, 83707);
INSERT INTO ChiTietPhieuNhap (MaPhieuNhap, MaSach, SoLuong, GiaNhap) VALUES (1, 'S0085', 21, 32920);
INSERT INTO ChiTietPhieuNhap (MaPhieuNhap, MaSach, SoLuong, GiaNhap) VALUES (2, 'S0077', 28, 55543);
INSERT INTO ChiTietPhieuNhap (MaPhieuNhap, MaSach, SoLuong, GiaNhap) VALUES (2, 'S0013', 22, 28612);
INSERT INTO ChiTietPhieuNhap (MaPhieuNhap, MaSach, SoLuong, GiaNhap) VALUES (2, 'S0072', 21, 84657);
INSERT INTO ChiTietPhieuNhap (MaPhieuNhap, MaSach, SoLuong, GiaNhap) VALUES (3, 'S0041', 35, 24706);
INSERT INTO ChiTietPhieuNhap (MaPhieuNhap, MaSach, SoLuong, GiaNhap) VALUES (3, 'S0022', 26, 82828);
INSERT INTO ChiTietPhieuNhap (MaPhieuNhap, MaSach, SoLuong, GiaNhap) VALUES (4, 'S0020', 6, 56406);
INSERT INTO ChiTietPhieuNhap (MaPhieuNhap, MaSach, SoLuong, GiaNhap) VALUES (4, 'S0025', 21, 87139);
INSERT INTO ChiTietPhieuNhap (MaPhieuNhap, MaSach, SoLuong, GiaNhap) VALUES (5, 'S0008', 10, 61432);
INSERT INTO ChiTietPhieuNhap (MaPhieuNhap, MaSach, SoLuong, GiaNhap) VALUES (5, 'S0054', 13, 31165);
INSERT INTO ChiTietPhieuNhap (MaPhieuNhap, MaSach, SoLuong, GiaNhap) VALUES (6, 'S0078', 14, 92751);
INSERT INTO ChiTietPhieuNhap (MaPhieuNhap, MaSach, SoLuong, GiaNhap) VALUES (6, 'S0061', 8, 55619);
INSERT INTO ChiTietPhieuNhap (MaPhieuNhap, MaSach, SoLuong, GiaNhap) VALUES (6, 'S0006', 12, 87643);
INSERT INTO ChiTietPhieuNhap (MaPhieuNhap, MaSach, SoLuong, GiaNhap) VALUES (7, 'S0061', 12, 81570);
INSERT INTO ChiTietPhieuNhap (MaPhieuNhap, MaSach, SoLuong, GiaNhap) VALUES (7, 'S0019', 27, 88574);
INSERT INTO ChiTietPhieuNhap (MaPhieuNhap, MaSach, SoLuong, GiaNhap) VALUES (7, 'S0031', 8, 31676);
INSERT INTO ChiTietPhieuNhap (MaPhieuNhap, MaSach, SoLuong, GiaNhap) VALUES (8, 'S0022', 6, 18492);
INSERT INTO ChiTietPhieuNhap (MaPhieuNhap, MaSach, SoLuong, GiaNhap) VALUES (9, 'S0036', 34, 91061);
INSERT INTO ChiTietPhieuNhap (MaPhieuNhap, MaSach, SoLuong, GiaNhap) VALUES (9, 'S0064', 8, 90904);
INSERT INTO ChiTietPhieuNhap (MaPhieuNhap, MaSach, SoLuong, GiaNhap) VALUES (10, 'S0019', 28, 59434);
INSERT INTO ChiTietPhieuNhap (MaPhieuNhap, MaSach, SoLuong, GiaNhap) VALUES (11, 'S0044', 23, 38329);
INSERT INTO ChiTietPhieuNhap (MaPhieuNhap, MaSach, SoLuong, GiaNhap) VALUES (11, 'S0030', 36, 58102);
INSERT INTO ChiTietPhieuNhap (MaPhieuNhap, MaSach, SoLuong, GiaNhap) VALUES (11, 'S0012', 33, 94480);
INSERT INTO ChiTietPhieuNhap (MaPhieuNhap, MaSach, SoLuong, GiaNhap) VALUES (12, 'S0051', 6, 27610);
INSERT INTO ChiTietPhieuNhap (MaPhieuNhap, MaSach, SoLuong, GiaNhap) VALUES (12, 'S0064', 38, 56697);
INSERT INTO ChiTietPhieuNhap (MaPhieuNhap, MaSach, SoLuong, GiaNhap) VALUES (12, 'S0096', 7, 36898);
INSERT INTO ChiTietPhieuNhap (MaPhieuNhap, MaSach, SoLuong, GiaNhap) VALUES (13, 'S0078', 27, 76866);
INSERT INTO ChiTietPhieuNhap (MaPhieuNhap, MaSach, SoLuong, GiaNhap) VALUES (13, 'S0012', 24, 53696);
INSERT INTO ChiTietPhieuNhap (MaPhieuNhap, MaSach, SoLuong, GiaNhap) VALUES (13, 'S0015', 11, 69754);
INSERT INTO ChiTietPhieuNhap (MaPhieuNhap, MaSach, SoLuong, GiaNhap) VALUES (14, 'S0048', 25, 25078);
INSERT INTO ChiTietPhieuNhap (MaPhieuNhap, MaSach, SoLuong, GiaNhap) VALUES (14, 'S0047', 23, 77638);
INSERT INTO ChiTietPhieuNhap (MaPhieuNhap, MaSach, SoLuong, GiaNhap) VALUES (14, 'S0100', 33, 37988);
INSERT INTO ChiTietPhieuNhap (MaPhieuNhap, MaSach, SoLuong, GiaNhap) VALUES (15, 'S0060', 33, 76220);
INSERT INTO ChiTietPhieuNhap (MaPhieuNhap, MaSach, SoLuong, GiaNhap) VALUES (16, 'S0090', 18, 76830);
INSERT INTO ChiTietPhieuNhap (MaPhieuNhap, MaSach, SoLuong, GiaNhap) VALUES (17, 'S0051', 34, 33727);
INSERT INTO ChiTietPhieuNhap (MaPhieuNhap, MaSach, SoLuong, GiaNhap) VALUES (17, 'S0032', 16, 56077);
INSERT INTO ChiTietPhieuNhap (MaPhieuNhap, MaSach, SoLuong, GiaNhap) VALUES (17, 'S0088', 29, 33816);
INSERT INTO ChiTietPhieuNhap (MaPhieuNhap, MaSach, SoLuong, GiaNhap) VALUES (18, 'S0001', 25, 75459);
INSERT INTO ChiTietPhieuNhap (MaPhieuNhap, MaSach, SoLuong, GiaNhap) VALUES (19, 'S0088', 24, 56961);
INSERT INTO ChiTietPhieuNhap (MaPhieuNhap, MaSach, SoLuong, GiaNhap) VALUES (19, 'S0061', 25, 39910);
INSERT INTO ChiTietPhieuNhap (MaPhieuNhap, MaSach, SoLuong, GiaNhap) VALUES (19, 'S0019', 5, 57580);
INSERT INTO ChiTietPhieuNhap (MaPhieuNhap, MaSach, SoLuong, GiaNhap) VALUES (20, 'S0027', 9, 23252);
INSERT INTO ChiTietPhieuNhap (MaPhieuNhap, MaSach, SoLuong, GiaNhap) VALUES (20, 'S0069', 5, 22566);
INSERT INTO ChiTietPhieuNhap (MaPhieuNhap, MaSach, SoLuong, GiaNhap) VALUES (21, 'S0055', 17, 80917);
INSERT INTO ChiTietPhieuNhap (MaPhieuNhap, MaSach, SoLuong, GiaNhap) VALUES (21, 'S0089', 24, 50577);
INSERT INTO ChiTietPhieuNhap (MaPhieuNhap, MaSach, SoLuong, GiaNhap) VALUES (21, 'S0078', 10, 27187);
INSERT INTO ChiTietPhieuNhap (MaPhieuNhap, MaSach, SoLuong, GiaNhap) VALUES (22, 'S0010', 35, 67110);
INSERT INTO ChiTietPhieuNhap (MaPhieuNhap, MaSach, SoLuong, GiaNhap) VALUES (23, 'S0029', 6, 40556);
INSERT INTO ChiTietPhieuNhap (MaPhieuNhap, MaSach, SoLuong, GiaNhap) VALUES (24, 'S0050', 13, 41823);
INSERT INTO ChiTietPhieuNhap (MaPhieuNhap, MaSach, SoLuong, GiaNhap) VALUES (24, 'S0042', 33, 80813);
INSERT INTO ChiTietPhieuNhap (MaPhieuNhap, MaSach, SoLuong, GiaNhap) VALUES (25, 'S0091', 27, 52950);
INSERT INTO ChiTietPhieuNhap (MaPhieuNhap, MaSach, SoLuong, GiaNhap) VALUES (25, 'S0036', 28, 23404);
INSERT INTO ChiTietPhieuNhap (MaPhieuNhap, MaSach, SoLuong, GiaNhap) VALUES (26, 'S0031', 26, 42268);
INSERT INTO ChiTietPhieuNhap (MaPhieuNhap, MaSach, SoLuong, GiaNhap) VALUES (26, 'S0043', 10, 83931);
INSERT INTO ChiTietPhieuNhap (MaPhieuNhap, MaSach, SoLuong, GiaNhap) VALUES (26, 'S0064', 30, 82981);
INSERT INTO ChiTietPhieuNhap (MaPhieuNhap, MaSach, SoLuong, GiaNhap) VALUES (27, 'S0043', 38, 77436);
INSERT INTO ChiTietPhieuNhap (MaPhieuNhap, MaSach, SoLuong, GiaNhap) VALUES (27, 'S0066', 39, 89345);
INSERT INTO ChiTietPhieuNhap (MaPhieuNhap, MaSach, SoLuong, GiaNhap) VALUES (28, 'S0051', 30, 43558);
INSERT INTO ChiTietPhieuNhap (MaPhieuNhap, MaSach, SoLuong, GiaNhap) VALUES (28, 'S0064', 32, 79028);
INSERT INTO ChiTietPhieuNhap (MaPhieuNhap, MaSach, SoLuong, GiaNhap) VALUES (28, 'S0075', 6, 27433);
INSERT INTO ChiTietPhieuNhap (MaPhieuNhap, MaSach, SoLuong, GiaNhap) VALUES (29, 'S0060', 11, 76280);
INSERT INTO ChiTietPhieuNhap (MaPhieuNhap, MaSach, SoLuong, GiaNhap) VALUES (29, 'S0022', 14, 81927);
INSERT INTO ChiTietPhieuNhap (MaPhieuNhap, MaSach, SoLuong, GiaNhap) VALUES (29, 'S0043', 16, 21050);
INSERT INTO ChiTietPhieuNhap (MaPhieuNhap, MaSach, SoLuong, GiaNhap) VALUES (30, 'S0075', 22, 47788);
INSERT INTO ChiTietPhieuNhap (MaPhieuNhap, MaSach, SoLuong, GiaNhap) VALUES (30, 'S0073', 40, 25444);
INSERT INTO ChiTietPhieuNhap (MaPhieuNhap, MaSach, SoLuong, GiaNhap) VALUES (30, 'S0015', 36, 69273);
INSERT INTO ChiTietPhieuNhap (MaPhieuNhap, MaSach, SoLuong, GiaNhap) VALUES (31, 'S0030', 35, 31276);
INSERT INTO ChiTietPhieuNhap (MaPhieuNhap, MaSach, SoLuong, GiaNhap) VALUES (32, 'S0036', 11, 46129);
INSERT INTO ChiTietPhieuNhap (MaPhieuNhap, MaSach, SoLuong, GiaNhap) VALUES (32, 'S0061', 10, 38516);
INSERT INTO ChiTietPhieuNhap (MaPhieuNhap, MaSach, SoLuong, GiaNhap) VALUES (32, 'S0065', 33, 55535);
INSERT INTO ChiTietPhieuNhap (MaPhieuNhap, MaSach, SoLuong, GiaNhap) VALUES (33, 'S0056', 40, 39941);
INSERT INTO ChiTietPhieuNhap (MaPhieuNhap, MaSach, SoLuong, GiaNhap) VALUES (34, 'S0044', 38, 62869);
INSERT INTO ChiTietPhieuNhap (MaPhieuNhap, MaSach, SoLuong, GiaNhap) VALUES (34, 'S0039', 20, 48903);
INSERT INTO ChiTietPhieuNhap (MaPhieuNhap, MaSach, SoLuong, GiaNhap) VALUES (34, 'S0067', 25, 82065);
INSERT INTO ChiTietPhieuNhap (MaPhieuNhap, MaSach, SoLuong, GiaNhap) VALUES (35, 'S0009', 16, 87060);
INSERT INTO ChiTietPhieuNhap (MaPhieuNhap, MaSach, SoLuong, GiaNhap) VALUES (35, 'S0060', 32, 92015);
INSERT INTO ChiTietPhieuNhap (MaPhieuNhap, MaSach, SoLuong, GiaNhap) VALUES (35, 'S0010', 27, 85907);
INSERT INTO ChiTietPhieuNhap (MaPhieuNhap, MaSach, SoLuong, GiaNhap) VALUES (36, 'S0005', 16, 62667);
INSERT INTO ChiTietPhieuNhap (MaPhieuNhap, MaSach, SoLuong, GiaNhap) VALUES (36, 'S0050', 16, 20557);
INSERT INTO ChiTietPhieuNhap (MaPhieuNhap, MaSach, SoLuong, GiaNhap) VALUES (37, 'S0047', 16, 54385);
INSERT INTO ChiTietPhieuNhap (MaPhieuNhap, MaSach, SoLuong, GiaNhap) VALUES (37, 'S0053', 23, 71646);
INSERT INTO ChiTietPhieuNhap (MaPhieuNhap, MaSach, SoLuong, GiaNhap) VALUES (38, 'S0027', 34, 18204);
INSERT INTO ChiTietPhieuNhap (MaPhieuNhap, MaSach, SoLuong, GiaNhap) VALUES (38, 'S0055', 39, 83637);
INSERT INTO ChiTietPhieuNhap (MaPhieuNhap, MaSach, SoLuong, GiaNhap) VALUES (38, 'S0067', 37, 56182);
INSERT INTO ChiTietPhieuNhap (MaPhieuNhap, MaSach, SoLuong, GiaNhap) VALUES (39, 'S0042', 35, 30424);
INSERT INTO ChiTietPhieuNhap (MaPhieuNhap, MaSach, SoLuong, GiaNhap) VALUES (39, 'S0036', 23, 30379);
INSERT INTO ChiTietPhieuNhap (MaPhieuNhap, MaSach, SoLuong, GiaNhap) VALUES (40, 'S0060', 34, 48788);
INSERT INTO ChiTietPhieuNhap (MaPhieuNhap, MaSach, SoLuong, GiaNhap) VALUES (40, 'S0010', 26, 56217);
INSERT INTO ChiTietPhieuNhap (MaPhieuNhap, MaSach, SoLuong, GiaNhap) VALUES (40, 'S0017', 15, 41732);
INSERT INTO ChiTietPhieuNhap (MaPhieuNhap, MaSach, SoLuong, GiaNhap) VALUES (41, 'S0023', 28, 57698);
INSERT INTO ChiTietPhieuNhap (MaPhieuNhap, MaSach, SoLuong, GiaNhap) VALUES (41, 'S0031', 23, 21942);
INSERT INTO ChiTietPhieuNhap (MaPhieuNhap, MaSach, SoLuong, GiaNhap) VALUES (42, 'S0051', 7, 65951);
INSERT INTO ChiTietPhieuNhap (MaPhieuNhap, MaSach, SoLuong, GiaNhap) VALUES (43, 'S0031', 18, 33195);
INSERT INTO ChiTietPhieuNhap (MaPhieuNhap, MaSach, SoLuong, GiaNhap) VALUES (44, 'S0087', 23, 93873);
INSERT INTO ChiTietPhieuNhap (MaPhieuNhap, MaSach, SoLuong, GiaNhap) VALUES (44, 'S0039', 29, 25246);
INSERT INTO ChiTietPhieuNhap (MaPhieuNhap, MaSach, SoLuong, GiaNhap) VALUES (44, 'S0062', 24, 88933);
INSERT INTO ChiTietPhieuNhap (MaPhieuNhap, MaSach, SoLuong, GiaNhap) VALUES (45, 'S0061', 34, 55662);
INSERT INTO ChiTietPhieuNhap (MaPhieuNhap, MaSach, SoLuong, GiaNhap) VALUES (45, 'S0079', 18, 46456);
INSERT INTO ChiTietPhieuNhap (MaPhieuNhap, MaSach, SoLuong, GiaNhap) VALUES (45, 'S0066', 9, 88148);
INSERT INTO ChiTietPhieuNhap (MaPhieuNhap, MaSach, SoLuong, GiaNhap) VALUES (46, 'S0008', 13, 39773);
INSERT INTO ChiTietPhieuNhap (MaPhieuNhap, MaSach, SoLuong, GiaNhap) VALUES (46, 'S0068', 31, 63644);
INSERT INTO ChiTietPhieuNhap (MaPhieuNhap, MaSach, SoLuong, GiaNhap) VALUES (47, 'S0092', 12, 26999);
INSERT INTO ChiTietPhieuNhap (MaPhieuNhap, MaSach, SoLuong, GiaNhap) VALUES (48, 'S0075', 26, 87750);
INSERT INTO ChiTietPhieuNhap (MaPhieuNhap, MaSach, SoLuong, GiaNhap) VALUES (49, 'S0059', 21, 26554);
INSERT INTO ChiTietPhieuNhap (MaPhieuNhap, MaSach, SoLuong, GiaNhap) VALUES (49, 'S0090', 22, 68007);
INSERT INTO ChiTietPhieuNhap (MaPhieuNhap, MaSach, SoLuong, GiaNhap) VALUES (49, 'S0030', 36, 51033);
INSERT INTO ChiTietPhieuNhap (MaPhieuNhap, MaSach, SoLuong, GiaNhap) VALUES (50, 'S0047', 23, 81568);
INSERT INTO ChiTietPhieuNhap (MaPhieuNhap, MaSach, SoLuong, GiaNhap) VALUES (50, 'S0007', 11, 47301);
INSERT INTO ChiTietPhieuNhap (MaPhieuNhap, MaSach, SoLuong, GiaNhap) VALUES (50, 'S0093', 11, 23107);
INSERT INTO ChiTietPhieuNhap (MaPhieuNhap, MaSach, SoLuong, GiaNhap) VALUES (51, 'S0004', 35, 66474);
INSERT INTO ChiTietPhieuNhap (MaPhieuNhap, MaSach, SoLuong, GiaNhap) VALUES (51, 'S0072', 31, 35019);
INSERT INTO ChiTietPhieuNhap (MaPhieuNhap, MaSach, SoLuong, GiaNhap) VALUES (51, 'S0027', 25, 70499);
INSERT INTO ChiTietPhieuNhap (MaPhieuNhap, MaSach, SoLuong, GiaNhap) VALUES (52, 'S0094', 18, 71003);
INSERT INTO ChiTietPhieuNhap (MaPhieuNhap, MaSach, SoLuong, GiaNhap) VALUES (52, 'S0032', 39, 23083);
INSERT INTO ChiTietPhieuNhap (MaPhieuNhap, MaSach, SoLuong, GiaNhap) VALUES (53, 'S0050', 31, 58086);
INSERT INTO ChiTietPhieuNhap (MaPhieuNhap, MaSach, SoLuong, GiaNhap) VALUES (53, 'S0056', 26, 73748);
INSERT INTO ChiTietPhieuNhap (MaPhieuNhap, MaSach, SoLuong, GiaNhap) VALUES (54, 'S0009', 7, 36655);
INSERT INTO ChiTietPhieuNhap (MaPhieuNhap, MaSach, SoLuong, GiaNhap) VALUES (55, 'S0098', 26, 34883);
INSERT INTO ChiTietPhieuNhap (MaPhieuNhap, MaSach, SoLuong, GiaNhap) VALUES (55, 'S0019', 25, 81130);
INSERT INTO ChiTietPhieuNhap (MaPhieuNhap, MaSach, SoLuong, GiaNhap) VALUES (56, 'S0023', 31, 38661);
INSERT INTO ChiTietPhieuNhap (MaPhieuNhap, MaSach, SoLuong, GiaNhap) VALUES (56, 'S0027', 26, 35968);
INSERT INTO ChiTietPhieuNhap (MaPhieuNhap, MaSach, SoLuong, GiaNhap) VALUES (57, 'S0051', 20, 84164);
INSERT INTO ChiTietPhieuNhap (MaPhieuNhap, MaSach, SoLuong, GiaNhap) VALUES (58, 'S0043', 11, 43586);
INSERT INTO ChiTietPhieuNhap (MaPhieuNhap, MaSach, SoLuong, GiaNhap) VALUES (59, 'S0037', 28, 57820);
INSERT INTO ChiTietPhieuNhap (MaPhieuNhap, MaSach, SoLuong, GiaNhap) VALUES (59, 'S0054', 23, 87558);
INSERT INTO ChiTietPhieuNhap (MaPhieuNhap, MaSach, SoLuong, GiaNhap) VALUES (60, 'S0099', 11, 22756);
INSERT INTO ChiTietPhieuNhap (MaPhieuNhap, MaSach, SoLuong, GiaNhap) VALUES (60, 'S0005', 25, 72659);
INSERT INTO ChiTietPhieuNhap (MaPhieuNhap, MaSach, SoLuong, GiaNhap) VALUES (61, 'S0001', 26, 85999);
INSERT INTO ChiTietPhieuNhap (MaPhieuNhap, MaSach, SoLuong, GiaNhap) VALUES (61, 'S0041', 35, 51954);
INSERT INTO ChiTietPhieuNhap (MaPhieuNhap, MaSach, SoLuong, GiaNhap) VALUES (61, 'S0008', 38, 21119);
INSERT INTO ChiTietPhieuNhap (MaPhieuNhap, MaSach, SoLuong, GiaNhap) VALUES (62, 'S0061', 34, 19139);
INSERT INTO ChiTietPhieuNhap (MaPhieuNhap, MaSach, SoLuong, GiaNhap) VALUES (62, 'S0052', 40, 37885);
INSERT INTO ChiTietPhieuNhap (MaPhieuNhap, MaSach, SoLuong, GiaNhap) VALUES (62, 'S0028', 37, 23077);
INSERT INTO ChiTietPhieuNhap (MaPhieuNhap, MaSach, SoLuong, GiaNhap) VALUES (63, 'S0028', 11, 64668);
INSERT INTO ChiTietPhieuNhap (MaPhieuNhap, MaSach, SoLuong, GiaNhap) VALUES (63, 'S0072', 13, 93051);
INSERT INTO ChiTietPhieuNhap (MaPhieuNhap, MaSach, SoLuong, GiaNhap) VALUES (64, 'S0069', 16, 70196);
INSERT INTO ChiTietPhieuNhap (MaPhieuNhap, MaSach, SoLuong, GiaNhap) VALUES (64, 'S0042', 10, 58166);
INSERT INTO ChiTietPhieuNhap (MaPhieuNhap, MaSach, SoLuong, GiaNhap) VALUES (65, 'S0045', 9, 45784);
INSERT INTO ChiTietPhieuNhap (MaPhieuNhap, MaSach, SoLuong, GiaNhap) VALUES (65, 'S0018', 17, 60456);
INSERT INTO ChiTietPhieuNhap (MaPhieuNhap, MaSach, SoLuong, GiaNhap) VALUES (65, 'S0087', 8, 82549);
INSERT INTO ChiTietPhieuNhap (MaPhieuNhap, MaSach, SoLuong, GiaNhap) VALUES (66, 'S0004', 13, 20912);
INSERT INTO ChiTietPhieuNhap (MaPhieuNhap, MaSach, SoLuong, GiaNhap) VALUES (67, 'S0030', 19, 69689);
INSERT INTO ChiTietPhieuNhap (MaPhieuNhap, MaSach, SoLuong, GiaNhap) VALUES (67, 'S0077', 14, 40054);
INSERT INTO ChiTietPhieuNhap (MaPhieuNhap, MaSach, SoLuong, GiaNhap) VALUES (68, 'S0070', 7, 80397);
INSERT INTO ChiTietPhieuNhap (MaPhieuNhap, MaSach, SoLuong, GiaNhap) VALUES (68, 'S0057', 32, 62027);
INSERT INTO ChiTietPhieuNhap (MaPhieuNhap, MaSach, SoLuong, GiaNhap) VALUES (68, 'S0022', 38, 59164);
INSERT INTO ChiTietPhieuNhap (MaPhieuNhap, MaSach, SoLuong, GiaNhap) VALUES (69, 'S0064', 23, 90465);
INSERT INTO ChiTietPhieuNhap (MaPhieuNhap, MaSach, SoLuong, GiaNhap) VALUES (69, 'S0045', 11, 90823);
INSERT INTO ChiTietPhieuNhap (MaPhieuNhap, MaSach, SoLuong, GiaNhap) VALUES (70, 'S0081', 14, 77991);
INSERT INTO ChiTietPhieuNhap (MaPhieuNhap, MaSach, SoLuong, GiaNhap) VALUES (70, 'S0088', 20, 36442);
INSERT INTO ChiTietPhieuNhap (MaPhieuNhap, MaSach, SoLuong, GiaNhap) VALUES (70, 'S0099', 21, 49846);
INSERT INTO ChiTietPhieuNhap (MaPhieuNhap, MaSach, SoLuong, GiaNhap) VALUES (71, 'S0038', 22, 67683);
INSERT INTO ChiTietPhieuNhap (MaPhieuNhap, MaSach, SoLuong, GiaNhap) VALUES (71, 'S0030', 12, 92875);
INSERT INTO ChiTietPhieuNhap (MaPhieuNhap, MaSach, SoLuong, GiaNhap) VALUES (71, 'S0009', 20, 35024);
INSERT INTO ChiTietPhieuNhap (MaPhieuNhap, MaSach, SoLuong, GiaNhap) VALUES (72, 'S0012', 16, 89007);
INSERT INTO ChiTietPhieuNhap (MaPhieuNhap, MaSach, SoLuong, GiaNhap) VALUES (72, 'S0095', 40, 25616);
INSERT INTO ChiTietPhieuNhap (MaPhieuNhap, MaSach, SoLuong, GiaNhap) VALUES (72, 'S0030', 8, 22403);
INSERT INTO ChiTietPhieuNhap (MaPhieuNhap, MaSach, SoLuong, GiaNhap) VALUES (73, 'S0019', 15, 91590);
INSERT INTO ChiTietPhieuNhap (MaPhieuNhap, MaSach, SoLuong, GiaNhap) VALUES (73, 'S0007', 32, 46781);
INSERT INTO ChiTietPhieuNhap (MaPhieuNhap, MaSach, SoLuong, GiaNhap) VALUES (73, 'S0067', 31, 66234);
INSERT INTO ChiTietPhieuNhap (MaPhieuNhap, MaSach, SoLuong, GiaNhap) VALUES (74, 'S0017', 40, 88158);
INSERT INTO ChiTietPhieuNhap (MaPhieuNhap, MaSach, SoLuong, GiaNhap) VALUES (74, 'S0058', 39, 84205);
INSERT INTO ChiTietPhieuNhap (MaPhieuNhap, MaSach, SoLuong, GiaNhap) VALUES (74, 'S0081', 11, 38306);
INSERT INTO ChiTietPhieuNhap (MaPhieuNhap, MaSach, SoLuong, GiaNhap) VALUES (75, 'S0059', 5, 44098);
INSERT INTO ChiTietPhieuNhap (MaPhieuNhap, MaSach, SoLuong, GiaNhap) VALUES (75, 'S0016', 33, 62642);
INSERT INTO ChiTietPhieuNhap (MaPhieuNhap, MaSach, SoLuong, GiaNhap) VALUES (75, 'S0033', 35, 64471);
INSERT INTO ChiTietPhieuNhap (MaPhieuNhap, MaSach, SoLuong, GiaNhap) VALUES (76, 'S0023', 22, 65002);
INSERT INTO ChiTietPhieuNhap (MaPhieuNhap, MaSach, SoLuong, GiaNhap) VALUES (76, 'S0007', 21, 21311);
INSERT INTO ChiTietPhieuNhap (MaPhieuNhap, MaSach, SoLuong, GiaNhap) VALUES (77, 'S0011', 12, 72883);
INSERT INTO ChiTietPhieuNhap (MaPhieuNhap, MaSach, SoLuong, GiaNhap) VALUES (77, 'S0100', 19, 46691);
INSERT INTO ChiTietPhieuNhap (MaPhieuNhap, MaSach, SoLuong, GiaNhap) VALUES (78, 'S0094', 25, 87435);
INSERT INTO ChiTietPhieuNhap (MaPhieuNhap, MaSach, SoLuong, GiaNhap) VALUES (78, 'S0036', 40, 24686);
INSERT INTO ChiTietPhieuNhap (MaPhieuNhap, MaSach, SoLuong, GiaNhap) VALUES (78, 'S0013', 40, 64455);
INSERT INTO ChiTietPhieuNhap (MaPhieuNhap, MaSach, SoLuong, GiaNhap) VALUES (79, 'S0014', 19, 77884);
INSERT INTO ChiTietPhieuNhap (MaPhieuNhap, MaSach, SoLuong, GiaNhap) VALUES (79, 'S0044', 9, 84368);
INSERT INTO ChiTietPhieuNhap (MaPhieuNhap, MaSach, SoLuong, GiaNhap) VALUES (80, 'S0023', 37, 60538);
INSERT INTO ChiTietPhieuNhap (MaPhieuNhap, MaSach, SoLuong, GiaNhap) VALUES (80, 'S0075', 30, 83458);
INSERT INTO ChiTietPhieuNhap (MaPhieuNhap, MaSach, SoLuong, GiaNhap) VALUES (81, 'S0017', 17, 40979);
INSERT INTO ChiTietPhieuNhap (MaPhieuNhap, MaSach, SoLuong, GiaNhap) VALUES (81, 'S0060', 30, 73708);
INSERT INTO ChiTietPhieuNhap (MaPhieuNhap, MaSach, SoLuong, GiaNhap) VALUES (82, 'S0027', 23, 90988);
INSERT INTO ChiTietPhieuNhap (MaPhieuNhap, MaSach, SoLuong, GiaNhap) VALUES (82, 'S0087', 24, 82342);
INSERT INTO ChiTietPhieuNhap (MaPhieuNhap, MaSach, SoLuong, GiaNhap) VALUES (83, 'S0087', 31, 34837);
INSERT INTO ChiTietPhieuNhap (MaPhieuNhap, MaSach, SoLuong, GiaNhap) VALUES (83, 'S0035', 13, 65541);
INSERT INTO ChiTietPhieuNhap (MaPhieuNhap, MaSach, SoLuong, GiaNhap) VALUES (84, 'S0097', 14, 40183);
INSERT INTO ChiTietPhieuNhap (MaPhieuNhap, MaSach, SoLuong, GiaNhap) VALUES (85, 'S0029', 11, 26250);
INSERT INTO ChiTietPhieuNhap (MaPhieuNhap, MaSach, SoLuong, GiaNhap) VALUES (86, 'S0094', 15, 80626);
INSERT INTO ChiTietPhieuNhap (MaPhieuNhap, MaSach, SoLuong, GiaNhap) VALUES (86, 'S0064', 11, 56611);
INSERT INTO ChiTietPhieuNhap (MaPhieuNhap, MaSach, SoLuong, GiaNhap) VALUES (87, 'S0056', 20, 43160);
INSERT INTO ChiTietPhieuNhap (MaPhieuNhap, MaSach, SoLuong, GiaNhap) VALUES (88, 'S0016', 14, 34977);
INSERT INTO ChiTietPhieuNhap (MaPhieuNhap, MaSach, SoLuong, GiaNhap) VALUES (89, 'S0005', 5, 67541);
INSERT INTO ChiTietPhieuNhap (MaPhieuNhap, MaSach, SoLuong, GiaNhap) VALUES (89, 'S0085', 24, 76684);
INSERT INTO ChiTietPhieuNhap (MaPhieuNhap, MaSach, SoLuong, GiaNhap) VALUES (89, 'S0050', 37, 23833);
INSERT INTO ChiTietPhieuNhap (MaPhieuNhap, MaSach, SoLuong, GiaNhap) VALUES (90, 'S0006', 36, 19119);
INSERT INTO ChiTietPhieuNhap (MaPhieuNhap, MaSach, SoLuong, GiaNhap) VALUES (90, 'S0009', 6, 94470);
INSERT INTO ChiTietPhieuNhap (MaPhieuNhap, MaSach, SoLuong, GiaNhap) VALUES (91, 'S0005', 11, 30391);
INSERT INTO ChiTietPhieuNhap (MaPhieuNhap, MaSach, SoLuong, GiaNhap) VALUES (91, 'S0022', 6, 81047);
INSERT INTO ChiTietPhieuNhap (MaPhieuNhap, MaSach, SoLuong, GiaNhap) VALUES (91, 'S0098', 13, 49741);
INSERT INTO ChiTietPhieuNhap (MaPhieuNhap, MaSach, SoLuong, GiaNhap) VALUES (92, 'S0092', 22, 37571);
INSERT INTO ChiTietPhieuNhap (MaPhieuNhap, MaSach, SoLuong, GiaNhap) VALUES (92, 'S0010', 14, 77596);
INSERT INTO ChiTietPhieuNhap (MaPhieuNhap, MaSach, SoLuong, GiaNhap) VALUES (93, 'S0012', 39, 23553);
INSERT INTO ChiTietPhieuNhap (MaPhieuNhap, MaSach, SoLuong, GiaNhap) VALUES (93, 'S0026', 19, 77360);
INSERT INTO ChiTietPhieuNhap (MaPhieuNhap, MaSach, SoLuong, GiaNhap) VALUES (94, 'S0026', 6, 19312);
INSERT INTO ChiTietPhieuNhap (MaPhieuNhap, MaSach, SoLuong, GiaNhap) VALUES (94, 'S0046', 35, 81537);
INSERT INTO ChiTietPhieuNhap (MaPhieuNhap, MaSach, SoLuong, GiaNhap) VALUES (95, 'S0084', 8, 56278);
INSERT INTO ChiTietPhieuNhap (MaPhieuNhap, MaSach, SoLuong, GiaNhap) VALUES (95, 'S0006', 33, 33585);
INSERT INTO ChiTietPhieuNhap (MaPhieuNhap, MaSach, SoLuong, GiaNhap) VALUES (96, 'S0003', 6, 37707);
INSERT INTO ChiTietPhieuNhap (MaPhieuNhap, MaSach, SoLuong, GiaNhap) VALUES (96, 'S0049', 15, 25222);
INSERT INTO ChiTietPhieuNhap (MaPhieuNhap, MaSach, SoLuong, GiaNhap) VALUES (97, 'S0057', 35, 25094);
INSERT INTO ChiTietPhieuNhap (MaPhieuNhap, MaSach, SoLuong, GiaNhap) VALUES (98, 'S0041', 8, 20793);
INSERT INTO ChiTietPhieuNhap (MaPhieuNhap, MaSach, SoLuong, GiaNhap) VALUES (98, 'S0026', 17, 91610);
INSERT INTO ChiTietPhieuNhap (MaPhieuNhap, MaSach, SoLuong, GiaNhap) VALUES (99, 'S0035', 28, 18576);
INSERT INTO ChiTietPhieuNhap (MaPhieuNhap, MaSach, SoLuong, GiaNhap) VALUES (99, 'S0032', 22, 62474);
INSERT INTO ChiTietPhieuNhap (MaPhieuNhap, MaSach, SoLuong, GiaNhap) VALUES (100, 'S0008', 29, 18680);

-- Sach_TacGia
INSERT INTO Sach_TacGia (MaSach, MaTacGia) VALUES (N'S0001', 'TG030');
INSERT INTO Sach_TacGia (MaSach, MaTacGia) VALUES (N'S0001', 'TG088');
INSERT INTO Sach_TacGia (MaSach, MaTacGia) VALUES (N'S0002', 'TG010');
INSERT INTO Sach_TacGia (MaSach, MaTacGia) VALUES (N'S0002', 'TG011');
INSERT INTO Sach_TacGia (MaSach, MaTacGia) VALUES (N'S0003', 'TG001');
INSERT INTO Sach_TacGia (MaSach, MaTacGia) VALUES (N'S0004', 'TG005');
INSERT INTO Sach_TacGia (MaSach, MaTacGia) VALUES (N'S0005', 'TG003');
INSERT INTO Sach_TacGia (MaSach, MaTacGia) VALUES (N'S0006', 'TG003');
INSERT INTO Sach_TacGia (MaSach, MaTacGia) VALUES (N'S0007', 'TG008');
INSERT INTO Sach_TacGia (MaSach, MaTacGia) VALUES (N'S0008', 'TG002');
INSERT INTO Sach_TacGia (MaSach, MaTacGia) VALUES (N'S0009', 'TG031');
INSERT INTO Sach_TacGia (MaSach, MaTacGia) VALUES (N'S0010', 'TG048');
INSERT INTO Sach_TacGia (MaSach, MaTacGia) VALUES (N'S0011', 'TG011');
INSERT INTO Sach_TacGia (MaSach, MaTacGia) VALUES (N'S0012', 'TG058');
INSERT INTO Sach_TacGia (MaSach, MaTacGia) VALUES (N'S0013', 'TG001');
INSERT INTO Sach_TacGia (MaSach, MaTacGia) VALUES (N'S0014', 'TG001');
INSERT INTO Sach_TacGia (MaSach, MaTacGia) VALUES (N'S0015', 'TG055');
INSERT INTO Sach_TacGia (MaSach, MaTacGia) VALUES (N'S0016', 'TG016');
INSERT INTO Sach_TacGia (MaSach, MaTacGia) VALUES (N'S0017', 'TG015');
INSERT INTO Sach_TacGia (MaSach, MaTacGia) VALUES (N'S0018', 'TG079');
INSERT INTO Sach_TacGia (MaSach, MaTacGia) VALUES (N'S0019', 'TG021');
INSERT INTO Sach_TacGia (MaSach, MaTacGia) VALUES (N'S0020', 'TG027');
INSERT INTO Sach_TacGia (MaSach, MaTacGia) VALUES (N'S0021', 'TG018');
INSERT INTO Sach_TacGia (MaSach, MaTacGia) VALUES (N'S0022', 'TG019');
INSERT INTO Sach_TacGia (MaSach, MaTacGia) VALUES (N'S0023', 'TG068');
INSERT INTO Sach_TacGia (MaSach, MaTacGia) VALUES (N'S0024', 'TG039');
INSERT INTO Sach_TacGia (MaSach, MaTacGia) VALUES (N'S0025', 'TG058');
INSERT INTO Sach_TacGia (MaSach, MaTacGia) VALUES (N'S0026', 'TG063');
INSERT INTO Sach_TacGia (MaSach, MaTacGia) VALUES (N'S0027', 'TG077');
INSERT INTO Sach_TacGia (MaSach, MaTacGia) VALUES (N'S0028', 'TG099');
INSERT INTO Sach_TacGia (MaSach, MaTacGia) VALUES (N'S0029', 'TG079');
INSERT INTO Sach_TacGia (MaSach, MaTacGia) VALUES (N'S0030', 'TG081');
INSERT INTO Sach_TacGia (MaSach, MaTacGia) VALUES (N'S0031', 'TG091');
INSERT INTO Sach_TacGia (MaSach, MaTacGia) VALUES (N'S0032', 'TG070');
INSERT INTO Sach_TacGia (MaSach, MaTacGia) VALUES (N'S0033', 'TG036');
INSERT INTO Sach_TacGia (MaSach, MaTacGia) VALUES (N'S0034', 'TG068');
INSERT INTO Sach_TacGia (MaSach, MaTacGia) VALUES (N'S0035', 'TG070');
INSERT INTO Sach_TacGia (MaSach, MaTacGia) VALUES (N'S0036', 'TG018');
INSERT INTO Sach_TacGia (MaSach, MaTacGia) VALUES (N'S0037', 'TG014');
INSERT INTO Sach_TacGia (MaSach, MaTacGia) VALUES (N'S0038', 'TG027');
INSERT INTO Sach_TacGia (MaSach, MaTacGia) VALUES (N'S0039', 'TG039');
INSERT INTO Sach_TacGia (MaSach, MaTacGia) VALUES (N'S0040', 'TG099');
INSERT INTO Sach_TacGia (MaSach, MaTacGia) VALUES (N'S0041', 'TG067');
INSERT INTO Sach_TacGia (MaSach, MaTacGia) VALUES (N'S0042', 'TG041');
INSERT INTO Sach_TacGia (MaSach, MaTacGia) VALUES (N'S0043', 'TG053');
INSERT INTO Sach_TacGia (MaSach, MaTacGia) VALUES (N'S0044', 'TG014');
INSERT INTO Sach_TacGia (MaSach, MaTacGia) VALUES (N'S0045', 'TG093');
INSERT INTO Sach_TacGia (MaSach, MaTacGia) VALUES (N'S0046', 'TG099');
INSERT INTO Sach_TacGia (MaSach, MaTacGia) VALUES (N'S0047', 'TG014');
INSERT INTO Sach_TacGia (MaSach, MaTacGia) VALUES (N'S0048', 'TG036');
INSERT INTO Sach_TacGia (MaSach, MaTacGia) VALUES (N'S0049', 'TG027');
INSERT INTO Sach_TacGia (MaSach, MaTacGia) VALUES (N'S0050', 'TG070');
INSERT INTO Sach_TacGia (MaSach, MaTacGia) VALUES (N'S0051', 'TG081');
INSERT INTO Sach_TacGia (MaSach, MaTacGia) VALUES (N'S0052', 'TG070');
INSERT INTO Sach_TacGia (MaSach, MaTacGia) VALUES (N'S0053', 'TG058');
INSERT INTO Sach_TacGia (MaSach, MaTacGia) VALUES (N'S0054', 'TG034');
INSERT INTO Sach_TacGia (MaSach, MaTacGia) VALUES (N'S0055', 'TG055');
INSERT INTO Sach_TacGia (MaSach, MaTacGia) VALUES (N'S0056', 'TG056');
INSERT INTO Sach_TacGia (MaSach, MaTacGia) VALUES (N'S0057', 'TG047');
INSERT INTO Sach_TacGia (MaSach, MaTacGia) VALUES (N'S0058', 'TG058');
INSERT INTO Sach_TacGia (MaSach, MaTacGia) VALUES (N'S0059', 'TG068');
INSERT INTO Sach_TacGia (MaSach, MaTacGia) VALUES (N'S0060', 'TG051');
INSERT INTO Sach_TacGia (MaSach, MaTacGia) VALUES (N'S0061', 'TG087');
INSERT INTO Sach_TacGia (MaSach, MaTacGia) VALUES (N'S0062', 'TG063');
INSERT INTO Sach_TacGia (MaSach, MaTacGia) VALUES (N'S0063', 'TG058');
INSERT INTO Sach_TacGia (MaSach, MaTacGia) VALUES (N'S0064', 'TG027');
INSERT INTO Sach_TacGia (MaSach, MaTacGia) VALUES (N'S0065', 'TG001');
INSERT INTO Sach_TacGia (MaSach, MaTacGia) VALUES (N'S0066', 'TG056');
INSERT INTO Sach_TacGia (MaSach, MaTacGia) VALUES (N'S0067', 'TG067');
INSERT INTO Sach_TacGia (MaSach, MaTacGia) VALUES (N'S0068', 'TG048');
INSERT INTO Sach_TacGia (MaSach, MaTacGia) VALUES (N'S0069', 'TG027');
INSERT INTO Sach_TacGia (MaSach, MaTacGia) VALUES (N'S0070', 'TG041');
INSERT INTO Sach_TacGia (MaSach, MaTacGia) VALUES (N'S0071', 'TG087');
INSERT INTO Sach_TacGia (MaSach, MaTacGia) VALUES (N'S0072', 'TG058');
INSERT INTO Sach_TacGia (MaSach, MaTacGia) VALUES (N'S0073', 'TG073');
INSERT INTO Sach_TacGia (MaSach, MaTacGia) VALUES (N'S0074', 'TG074');
INSERT INTO Sach_TacGia (MaSach, MaTacGia) VALUES (N'S0075', 'TG070');
INSERT INTO Sach_TacGia (MaSach, MaTacGia) VALUES (N'S0076', 'TG093');
INSERT INTO Sach_TacGia (MaSach, MaTacGia) VALUES (N'S0077', 'TG077');
INSERT INTO Sach_TacGia (MaSach, MaTacGia) VALUES (N'S0078', 'TG070');
INSERT INTO Sach_TacGia (MaSach, MaTacGia) VALUES (N'S0079', 'TG079');
INSERT INTO Sach_TacGia (MaSach, MaTacGia) VALUES (N'S0080', 'TG065');
INSERT INTO Sach_TacGia (MaSach, MaTacGia) VALUES (N'S0081', 'TG039');
INSERT INTO Sach_TacGia (MaSach, MaTacGia) VALUES (N'S0082', 'TG027');
INSERT INTO Sach_TacGia (MaSach, MaTacGia) VALUES (N'S0083', 'TG027');
INSERT INTO Sach_TacGia (MaSach, MaTacGia) VALUES (N'S0084', 'TG027');
INSERT INTO Sach_TacGia (MaSach, MaTacGia) VALUES (N'S0085', 'TG027');
INSERT INTO Sach_TacGia (MaSach, MaTacGia) VALUES (N'S0086', 'TG027');
INSERT INTO Sach_TacGia (MaSach, MaTacGia) VALUES (N'S0087', 'TG039');
INSERT INTO Sach_TacGia (MaSach, MaTacGia) VALUES (N'S0088', 'TG039');
INSERT INTO Sach_TacGia (MaSach, MaTacGia) VALUES (N'S0089', 'TG065');
INSERT INTO Sach_TacGia (MaSach, MaTacGia) VALUES (N'S0090', 'TG065');
INSERT INTO Sach_TacGia (MaSach, MaTacGia) VALUES (N'S0091', 'TG091');
INSERT INTO Sach_TacGia (MaSach, MaTacGia) VALUES (N'S0092', 'TG014');
INSERT INTO Sach_TacGia (MaSach, MaTacGia) VALUES (N'S0093', 'TG050');
INSERT INTO Sach_TacGia (MaSach, MaTacGia) VALUES (N'S0094', 'TG058');
INSERT INTO Sach_TacGia (MaSach, MaTacGia) VALUES (N'S0095', 'TG064');
INSERT INTO Sach_TacGia (MaSach, MaTacGia) VALUES (N'S0096', 'TG092');
INSERT INTO Sach_TacGia (MaSach, MaTacGia) VALUES (N'S0097', 'TG055');
INSERT INTO Sach_TacGia (MaSach, MaTacGia) VALUES (N'S0098', 'TG039');
INSERT INTO Sach_TacGia (MaSach, MaTacGia) VALUES (N'S0099', 'TG065');
INSERT INTO Sach_TacGia (MaSach, MaTacGia) VALUES (N'S0100', 'TG087');

-- Sach_TheLoai
INSERT INTO Sach_TheLoai (MaSach, MaTheLoai) VALUES (N'S0001', N'TL005');
INSERT INTO Sach_TheLoai (MaSach, MaTheLoai) VALUES (N'S0001', N'TL008');
INSERT INTO Sach_TheLoai (MaSach, MaTheLoai) VALUES (N'S0002', N'TL005');
INSERT INTO Sach_TheLoai (MaSach, MaTheLoai) VALUES (N'S0002', N'TL020');
INSERT INTO Sach_TheLoai (MaSach, MaTheLoai) VALUES (N'S0003', N'TL005');
INSERT INTO Sach_TheLoai (MaSach, MaTheLoai) VALUES (N'S0003', N'TL019');
INSERT INTO Sach_TheLoai (MaSach, MaTheLoai) VALUES (N'S0004', N'TL008');
INSERT INTO Sach_TheLoai (MaSach, MaTheLoai) VALUES (N'S0005', N'TL005');
INSERT INTO Sach_TheLoai (MaSach, MaTheLoai) VALUES (N'S0006', N'TL005');
INSERT INTO Sach_TheLoai (MaSach, MaTheLoai) VALUES (N'S0007', N'TL005');
INSERT INTO Sach_TheLoai (MaSach, MaTheLoai) VALUES (N'S0007', N'TL022');
INSERT INTO Sach_TheLoai (MaSach, MaTheLoai) VALUES (N'S0008', N'TL005');
INSERT INTO Sach_TheLoai (MaSach, MaTheLoai) VALUES (N'S0008', N'TL020');
INSERT INTO Sach_TheLoai (MaSach, MaTheLoai) VALUES (N'S0009', N'TL005');
INSERT INTO Sach_TheLoai (MaSach, MaTheLoai) VALUES (N'S0010', N'TL008');
INSERT INTO Sach_TheLoai (MaSach, MaTheLoai) VALUES (N'S0011', N'TL020');
INSERT INTO Sach_TheLoai (MaSach, MaTheLoai) VALUES (N'S0012', N'TL011');
INSERT INTO Sach_TheLoai (MaSach, MaTheLoai) VALUES (N'S0013', N'TL023');
INSERT INTO Sach_TheLoai (MaSach, MaTheLoai) VALUES (N'S0014', N'TL008');
INSERT INTO Sach_TheLoai (MaSach, MaTheLoai) VALUES (N'S0015', N'TL005');
INSERT INTO Sach_TheLoai (MaSach, MaTheLoai) VALUES (N'S0015', N'TL004');
INSERT INTO Sach_TheLoai (MaSach, MaTheLoai) VALUES (N'S0016', N'TL019');
INSERT INTO Sach_TheLoai (MaSach, MaTheLoai) VALUES (N'S0017', N'TL019');
INSERT INTO Sach_TheLoai (MaSach, MaTheLoai) VALUES (N'S0018', N'TL006');
INSERT INTO Sach_TheLoai (MaSach, MaTheLoai) VALUES (N'S0019', N'TL005');
INSERT INTO Sach_TheLoai (MaSach, MaTheLoai) VALUES (N'S0020', N'TL008');
INSERT INTO Sach_TheLoai (MaSach, MaTheLoai) VALUES (N'S0021', N'TL008');
INSERT INTO Sach_TheLoai (MaSach, MaTheLoai) VALUES (N'S0022', N'TL005');
INSERT INTO Sach_TheLoai (MaSach, MaTheLoai) VALUES (N'S0023', N'TL023');
INSERT INTO Sach_TheLoai (MaSach, MaTheLoai) VALUES (N'S0024', N'TL008');
INSERT INTO Sach_TheLoai (MaSach, MaTheLoai) VALUES (N'S0025', N'TL020');
INSERT INTO Sach_TheLoai (MaSach, MaTheLoai) VALUES (N'S0026', N'TL020');
INSERT INTO Sach_TheLoai (MaSach, MaTheLoai) VALUES (N'S0027', N'TL006');
INSERT INTO Sach_TheLoai (MaSach, MaTheLoai) VALUES (N'S0028', N'TL006');
INSERT INTO Sach_TheLoai (MaSach, MaTheLoai) VALUES (N'S0029', N'TL006');
INSERT INTO Sach_TheLoai (MaSach, MaTheLoai) VALUES (N'S0030', N'TL006');
INSERT INTO Sach_TheLoai (MaSach, MaTheLoai) VALUES (N'S0031', N'TL023');
INSERT INTO Sach_TheLoai (MaSach, MaTheLoai) VALUES (N'S0032', N'TL024');
INSERT INTO Sach_TheLoai (MaSach, MaTheLoai) VALUES (N'S0033', N'TL005');
INSERT INTO Sach_TheLoai (MaSach, MaTheLoai) VALUES (N'S0034', N'TL026');
INSERT INTO Sach_TheLoai (MaSach, MaTheLoai) VALUES (N'S0035', N'TL006');
INSERT INTO Sach_TheLoai (MaSach, MaTheLoai) VALUES (N'S0036', N'TL008');
INSERT INTO Sach_TheLoai (MaSach, MaTheLoai) VALUES (N'S0037', N'TL023');
INSERT INTO Sach_TheLoai (MaSach, MaTheLoai) VALUES (N'S0038', N'TL027');
INSERT INTO Sach_TheLoai (MaSach, MaTheLoai) VALUES (N'S0039', N'TL008');
INSERT INTO Sach_TheLoai (MaSach, MaTheLoai) VALUES (N'S0040', N'TL023');
INSERT INTO Sach_TheLoai (MaSach, MaTheLoai) VALUES (N'S0041', N'TL010');
INSERT INTO Sach_TheLoai (MaSach, MaTheLoai) VALUES (N'S0042', N'TL020');
INSERT INTO Sach_TheLoai (MaSach, MaTheLoai) VALUES (N'S0043', N'TL023');
INSERT INTO Sach_TheLoai (MaSach, MaTheLoai) VALUES (N'S0044', N'TL046');
INSERT INTO Sach_TheLoai (MaSach, MaTheLoai) VALUES (N'S0045', N'TL020');
INSERT INTO Sach_TheLoai (MaSach, MaTheLoai) VALUES (N'S0046', N'TL023');
INSERT INTO Sach_TheLoai (MaSach, MaTheLoai) VALUES (N'S0047', N'TL014');
INSERT INTO Sach_TheLoai (MaSach, MaTheLoai) VALUES (N'S0048', N'TL010');
INSERT INTO Sach_TheLoai (MaSach, MaTheLoai) VALUES (N'S0049', N'TL027');
INSERT INTO Sach_TheLoai (MaSach, MaTheLoai) VALUES (N'S0050', N'TL027');
INSERT INTO Sach_TheLoai (MaSach, MaTheLoai) VALUES (N'S0051', N'TL006');
INSERT INTO Sach_TheLoai (MaSach, MaTheLoai) VALUES (N'S0052', N'TL027');
INSERT INTO Sach_TheLoai (MaSach, MaTheLoai) VALUES (N'S0053', N'TL027');
INSERT INTO Sach_TheLoai (MaSach, MaTheLoai) VALUES (N'S0054', N'TL003');
INSERT INTO Sach_TheLoai (MaSach, MaTheLoai) VALUES (N'S0055', N'TL003');
INSERT INTO Sach_TheLoai (MaSach, MaTheLoai) VALUES (N'S0056', N'TL010');
INSERT INTO Sach_TheLoai (MaSach, MaTheLoai) VALUES (N'S0057', N'TL010');
INSERT INTO Sach_TheLoai (MaSach, MaTheLoai) VALUES (N'S0058', N'TL010');
INSERT INTO Sach_TheLoai (MaSach, MaTheLoai) VALUES (N'S0059', N'TL027');
INSERT INTO Sach_TheLoai (MaSach, MaTheLoai) VALUES (N'S0060', N'TL005');
INSERT INTO Sach_TheLoai (MaSach, MaTheLoai) VALUES (N'S0061', N'TL019');
INSERT INTO Sach_TheLoai (MaSach, MaTheLoai) VALUES (N'S0062', N'TL020');
INSERT INTO Sach_TheLoai (MaSach, MaTheLoai) VALUES (N'S0063', N'TL027');
INSERT INTO Sach_TheLoai (MaSach, MaTheLoai) VALUES (N'S0064', N'TL020');
INSERT INTO Sach_TheLoai (MaSach, MaTheLoai) VALUES (N'S0065', N'TL010');
INSERT INTO Sach_TheLoai (MaSach, MaTheLoai) VALUES (N'S0066', N'TL010');
INSERT INTO Sach_TheLoai (MaSach, MaTheLoai) VALUES (N'S0067', N'TL007');
INSERT INTO Sach_TheLoai (MaSach, MaTheLoai) VALUES (N'S0068', N'TL048');
INSERT INTO Sach_TheLoai (MaSach, MaTheLoai) VALUES (N'S0069', N'TL008');
INSERT INTO Sach_TheLoai (MaSach, MaTheLoai) VALUES (N'S0070', N'TL016');
INSERT INTO Sach_TheLoai (MaSach, MaTheLoai) VALUES (N'S0071', N'TL008');
INSERT INTO Sach_TheLoai (MaSach, MaTheLoai) VALUES (N'S0072', N'TL010');
INSERT INTO Sach_TheLoai (MaSach, MaTheLoai) VALUES (N'S0073', N'TL007');
INSERT INTO Sach_TheLoai (MaSach, MaTheLoai) VALUES (N'S0074', N'TL010');
INSERT INTO Sach_TheLoai (MaSach, MaTheLoai) VALUES (N'S0075', N'TL027');
INSERT INTO Sach_TheLoai (MaSach, MaTheLoai) VALUES (N'S0076', N'TL020');
INSERT INTO Sach_TheLoai (MaSach, MaTheLoai) VALUES (N'S0077', N'TL027');
INSERT INTO Sach_TheLoai (MaSach, MaTheLoai) VALUES (N'S0078', N'TL010');
INSERT INTO Sach_TheLoai (MaSach, MaTheLoai) VALUES (N'S0079', N'TL037');
INSERT INTO Sach_TheLoai (MaSach, MaTheLoai) VALUES (N'S0080', N'TL037');
INSERT INTO Sach_TheLoai (MaSach, MaTheLoai) VALUES (N'S0081', N'TL037');
INSERT INTO Sach_TheLoai (MaSach, MaTheLoai) VALUES (N'S0082', N'TL008');
INSERT INTO Sach_TheLoai (MaSach, MaTheLoai) VALUES (N'S0083', N'TL037');
INSERT INTO Sach_TheLoai (MaSach, MaTheLoai) VALUES (N'S0084', N'TL037');
INSERT INTO Sach_TheLoai (MaSach, MaTheLoai) VALUES (N'S0085', N'TL008');
INSERT INTO Sach_TheLoai (MaSach, MaTheLoai) VALUES (N'S0086', N'TL008');
INSERT INTO Sach_TheLoai (MaSach, MaTheLoai) VALUES (N'S0087', N'TL037');
INSERT INTO Sach_TheLoai (MaSach, MaTheLoai) VALUES (N'S0088', N'TL005');
INSERT INTO Sach_TheLoai (MaSach, MaTheLoai) VALUES (N'S0089', N'TL008');
INSERT INTO Sach_TheLoai (MaSach, MaTheLoai) VALUES (N'S0090', N'TL037');
INSERT INTO Sach_TheLoai (MaSach, MaTheLoai) VALUES (N'S0091', N'TL037');
INSERT INTO Sach_TheLoai (MaSach, MaTheLoai) VALUES (N'S0092', N'TL025');
INSERT INTO Sach_TheLoai (MaSach, MaTheLoai) VALUES (N'S0093', N'TL021');
INSERT INTO Sach_TheLoai (MaSach, MaTheLoai) VALUES (N'S0094', N'TL019');
INSERT INTO Sach_TheLoai (MaSach, MaTheLoai) VALUES (N'S0095', N'TL037');
INSERT INTO Sach_TheLoai (MaSach, MaTheLoai) VALUES (N'S0096', N'TL015');
INSERT INTO Sach_TheLoai (MaSach, MaTheLoai) VALUES (N'S0097', N'TL005');
INSERT INTO Sach_TheLoai (MaSach, MaTheLoai) VALUES (N'S0098', N'TL008');
INSERT INTO Sach_TheLoai (MaSach, MaTheLoai) VALUES (N'S0099', N'TL008');
INSERT INTO Sach_TheLoai (MaSach, MaTheLoai) VALUES (N'S0100', N'TL008');
